/*
 Navicat Premium Data Transfer

 Source Server         : 本地
 Source Server Type    : MySQL
 Source Server Version : 50718
 Source Host           : 127.0.0.1:3306
 Source Schema         : jingyi

 Target Server Type    : MySQL
 Target Server Version : 50718
 File Encoding         : 65001

 Date: 16/08/2019 17:35:09
*/

SET NAMES utf8mb4;
SET FOREIGN_KEY_CHECKS = 0;

-- ----------------------------
-- Table structure for tab_dept
-- ----------------------------
DROP TABLE IF EXISTS `tab_dept`;
CREATE TABLE `tab_dept`  (
  `id` varchar(32) CHARACTER SET utf8 COLLATE utf8_general_ci NOT NULL COMMENT '主键',
  `parentId` varchar(32) CHARACTER SET utf8 COLLATE utf8_general_ci NULL DEFAULT NULL COMMENT '父部门ID',
  `name` varchar(50) CHARACTER SET utf8 COLLATE utf8_general_ci NULL DEFAULT NULL COMMENT '部门名称',
  `sortNo` bigint(20) NULL DEFAULT NULL COMMENT '排序号',
  `ddDeptId` bigint(20) NULL DEFAULT NULL COMMENT '钉钉部门ID',
  `ddDeptPid` bigint(20) NULL DEFAULT NULL COMMENT '钉钉父部门ID',
  `createTime` datetime(0) NULL DEFAULT NULL COMMENT '创建时间',
  `createUid` varchar(32) CHARACTER SET utf8 COLLATE utf8_general_ci NULL DEFAULT NULL COMMENT '创建人',
  `modifyTime` datetime(0) NULL DEFAULT NULL COMMENT '修改时间',
  `modifyUid` varchar(32) CHARACTER SET utf8 COLLATE utf8_general_ci NULL DEFAULT NULL COMMENT '修改人',
  `deleteTime` datetime(0) NULL DEFAULT NULL COMMENT '删除时间',
  `deleteUid` varchar(32) CHARACTER SET utf8 COLLATE utf8_general_ci NULL DEFAULT NULL COMMENT '删除人',
  `isDeleted` tinyint(4) NULL DEFAULT 0 COMMENT '是否删除',
  PRIMARY KEY (`id`) USING BTREE
) ENGINE = InnoDB CHARACTER SET = utf8 COLLATE = utf8_general_ci COMMENT = '部门表' ROW_FORMAT = Dynamic;

-- ----------------------------
-- Records of tab_dept
-- ----------------------------
INSERT INTO `tab_dept` VALUES ('16889f1d2dc04214a7bbd0b63ccd060f', 'c53c43c82af24035b88568aec6863f7f', '内部通讯录12', 1, 83661050, 82721259, '2019-07-01 15:30:36', NULL, '2019-07-08 14:57:36', NULL, NULL, NULL, 0);
INSERT INTO `tab_dept` VALUES ('215df779ec6147228bb77067f2d55859', '2f66556e50b5459c924462bc1a381f38', '财务部', 70177218, 84412116, 84582116, '2019-07-01 15:30:40', NULL, '2019-07-08 14:57:39', NULL, NULL, NULL, 0);
INSERT INTO `tab_dept` VALUES ('2f66556e50b5459c924462bc1a381f38', '31318f56b6254baeb9eb3d5350bb4118', '内部通讯录', 70207165, 84582116, 83916120, '2019-07-01 15:30:39', NULL, '2019-07-08 14:57:39', NULL, NULL, NULL, 0);
INSERT INTO `tab_dept` VALUES ('31318f56b6254baeb9eb3d5350bb4118', '9704b2b9c6a948dfbcef23c3e7059490', '基础版', 83916120, 83916120, 1, '2019-07-01 15:30:38', NULL, '2019-07-08 14:57:37', NULL, NULL, NULL, 0);
INSERT INTO `tab_dept` VALUES ('37ad3d97fecc4e3dbd2b1612133811dc', 'd43d91d0fc3047ab803df5ccbd0c2bda', '二层', 93541299, 93541299, 83490054, '2019-07-01 15:30:37', NULL, '2019-07-08 14:57:37', NULL, NULL, NULL, 0);
INSERT INTO `tab_dept` VALUES ('444649d6c21b4a02b652df6202b18b9f', 'd43d91d0fc3047ab803df5ccbd0c2bda', '一层', 83490054, 83493052, 83490054, '2019-07-01 15:30:37', NULL, '2019-07-08 14:57:36', NULL, NULL, NULL, 0);
INSERT INTO `tab_dept` VALUES ('46f6eb90f1a24196a0fe9b4e9c06fc77', '2f66556e50b5459c924462bc1a381f38', '保洁部', 72100367, 84596118, 84582116, '2019-07-01 15:30:40', NULL, '2019-07-08 14:57:39', NULL, NULL, NULL, 0);
INSERT INTO `tab_dept` VALUES ('47687952b37248a399bd2021bcc3f703', 'a67a5e307a9b431490439933267159b4', '101：励上至合', 70138178, 84454139, 84572114, '2019-07-01 15:30:39', NULL, '2019-07-08 14:57:38', NULL, NULL, NULL, 0);
INSERT INTO `tab_dept` VALUES ('77cc83011830405a8191dbca5ecbb4be', '31318f56b6254baeb9eb3d5350bb4118', '租户通讯录', 70181160, 84531129, 83916120, '2019-07-01 15:30:38', NULL, '2019-07-08 14:57:37', NULL, NULL, NULL, 0);
INSERT INTO `tab_dept` VALUES ('835c5372fa884b6abe890a591a178216', 'c53c43c82af24035b88568aec6863f7f', '测试部门', 117511704, 117511704, 82721259, '2019-07-01 15:30:38', NULL, '2019-07-08 14:57:37', NULL, NULL, NULL, 0);
INSERT INTO `tab_dept` VALUES ('8ba3f6f029ec48fd99f68177623f9078', '77cc83011830405a8191dbca5ecbb4be', '望京园区B座', 70092203, 84555174, 84531129, '2019-07-01 15:30:38', NULL, '2019-07-08 14:57:38', NULL, NULL, NULL, 0);
INSERT INTO `tab_dept` VALUES ('9579138bd9be440ab9c2ac1fbddada46', '16889f1d2dc04214a7bbd0b63ccd060f', 'test123', 117687571, 117687571, 83661050, '2019-07-01 15:30:37', NULL, '2019-07-08 14:57:36', NULL, NULL, NULL, 0);
INSERT INTO `tab_dept` VALUES ('9704b2b9c6a948dfbcef23c3e7059490', '0', '北京赛格美办公企业服务中心', 0, 1, NULL, '2019-07-01 15:30:36', NULL, NULL, NULL, NULL, NULL, 0);
INSERT INTO `tab_dept` VALUES ('a67a5e307a9b431490439933267159b4', 'c60c8fb74202441ea076a5ac574bed41', '一层', 70090183, 84572114, 84646223, '2019-07-01 15:30:38', NULL, '2019-07-08 14:57:38', NULL, NULL, NULL, 0);
INSERT INTO `tab_dept` VALUES ('ad159e8248fc42a0b516ae0308b71209', 'a67a5e307a9b431490439933267159b4', '106：多点生活', 70162168, 84582118, 84572114, '2019-07-01 15:30:39', NULL, '2019-07-08 14:57:38', NULL, NULL, NULL, 0);
INSERT INTO `tab_dept` VALUES ('af5df94d5992479d8d60cf34e5dc4b8f', 'c53c43c82af24035b88568aec6863f7f', '租户通讯录', 2, 83595056, 82721259, '2019-07-01 15:30:37', NULL, '2019-07-08 14:57:36', NULL, NULL, NULL, 0);
INSERT INTO `tab_dept` VALUES ('b2e0a25a798f4a85bcf7a2182b854e6b', 'c60c8fb74202441ea076a5ac574bed41', '二层', 70119161, 84415107, 84646223, '2019-07-01 15:30:39', NULL, '2019-07-08 14:57:38', NULL, NULL, NULL, 0);
INSERT INTO `tab_dept` VALUES ('c53c43c82af24035b88568aec6863f7f', '9704b2b9c6a948dfbcef23c3e7059490', '高级版', 82721259, 82721259, 1, '2019-07-01 15:30:36', NULL, '2019-07-08 14:57:35', NULL, NULL, NULL, 0);
INSERT INTO `tab_dept` VALUES ('c60c8fb74202441ea076a5ac574bed41', '77cc83011830405a8191dbca5ecbb4be', '望京园区A座', 70271174, 84646223, 84531129, '2019-07-01 15:30:38', NULL, '2019-07-08 14:57:38', NULL, NULL, NULL, 0);
INSERT INTO `tab_dept` VALUES ('cbb7978ba2034a108c39120cec2e8e12', 'c60c8fb74202441ea076a5ac574bed41', '三层', 70167177, 84639223, 84646223, '2019-07-01 15:30:39', NULL, '2019-07-08 14:57:39', NULL, NULL, NULL, 0);
INSERT INTO `tab_dept` VALUES ('d43d91d0fc3047ab803df5ccbd0c2bda', 'af5df94d5992479d8d60cf34e5dc4b8f', '望京园区A座1', 83595056, 83490054, 83595056, '2019-07-01 15:30:37', NULL, '2019-07-08 14:57:36', NULL, NULL, NULL, 0);
INSERT INTO `tab_dept` VALUES ('db167790b82442a6ac6d4b5919310373', '444649d6c21b4a02b652df6202b18b9f', '101：至上励合', 83493052, 83458079, 83493052, '2019-07-01 15:30:37', NULL, '2019-07-08 14:57:37', NULL, NULL, NULL, 0);
INSERT INTO `tab_dept` VALUES ('e79bc37c2bc746dfa16b7b99b359f491', '2f66556e50b5459c924462bc1a381f38', '人事部', 70113177, 84692161, 84582116, '2019-07-01 15:30:39', NULL, '2019-07-08 14:57:39', NULL, NULL, NULL, 0);
INSERT INTO `tab_dept` VALUES ('f5524e4939b54e0c8f4ab1ea5e3edae8', '2f66556e50b5459c924462bc1a381f38', '安保部', 72125411, 84508108, 84582116, '2019-07-01 15:30:40', NULL, '2019-07-08 14:57:39', NULL, NULL, NULL, 0);

-- ----------------------------
-- Table structure for tab_dept_user
-- ----------------------------
DROP TABLE IF EXISTS `tab_dept_user`;
CREATE TABLE `tab_dept_user`  (
  `id` varchar(32) CHARACTER SET utf8 COLLATE utf8_general_ci NOT NULL COMMENT '主键',
  `deptId` varchar(32) CHARACTER SET utf8 COLLATE utf8_general_ci NULL DEFAULT NULL COMMENT '部门ID',
  `userId` varchar(32) CHARACTER SET utf8 COLLATE utf8_general_ci NULL DEFAULT NULL COMMENT '用户ID',
  `sortNo` bigint(20) NULL DEFAULT NULL COMMENT '排序号',
  `createTime` datetime(0) NULL DEFAULT NULL COMMENT '创建时间',
  `createUid` varchar(32) CHARACTER SET utf8 COLLATE utf8_general_ci NULL DEFAULT NULL COMMENT '创建人',
  `modifyTime` datetime(0) NULL DEFAULT NULL COMMENT '修改时间',
  `modifyUid` varchar(32) CHARACTER SET utf8 COLLATE utf8_general_ci NULL DEFAULT NULL COMMENT '修改人',
  `deleteTime` datetime(0) NULL DEFAULT NULL COMMENT '删除时间',
  `deleteUid` varchar(32) CHARACTER SET utf8 COLLATE utf8_general_ci NULL DEFAULT NULL COMMENT '删除人',
  `isDeleted` tinyint(4) NULL DEFAULT 0 COMMENT '是否删除',
  PRIMARY KEY (`id`) USING BTREE
) ENGINE = InnoDB CHARACTER SET = utf8 COLLATE = utf8_general_ci COMMENT = '人员所在部门表' ROW_FORMAT = Dynamic;

-- ----------------------------
-- Records of tab_dept_user
-- ----------------------------
INSERT INTO `tab_dept_user` VALUES ('0e6b1560a37046baadfd3e8a829c397b', '9704b2b9c6a948dfbcef23c3e7059490', '8a4ff0922af24964baa455d62cb2ef36', 176388233522199512, '2019-07-09 10:04:18', NULL, NULL, NULL, NULL, NULL, 0);
INSERT INTO `tab_dept_user` VALUES ('1093f4acafeb4f7b91c580dbf4962163', '9704b2b9c6a948dfbcef23c3e7059490', '48a09568adf040398d7fafc128025200', 176387534488154512, '2019-07-09 10:04:17', NULL, NULL, NULL, NULL, NULL, 0);
INSERT INTO `tab_dept_user` VALUES ('1561ca6a5eab4ccf994dca2e44eb2eb5', '9704b2b9c6a948dfbcef23c3e7059490', '1f077d3d02904a689ac374efed5e438d', 176371989601805512, '2019-07-09 10:04:17', NULL, NULL, NULL, NULL, NULL, 0);
INSERT INTO `tab_dept_user` VALUES ('1963c6568e2e453c9861bb795ae7c0c7', '9704b2b9c6a948dfbcef23c3e7059490', '1255f7e0b11b464ca8aa71db7ba2e3e5', 176377879523572512, '2019-07-09 10:04:19', NULL, NULL, NULL, NULL, NULL, 0);
INSERT INTO `tab_dept_user` VALUES ('38ca90426a4a4482a5bbaeeeddde5481', '9704b2b9c6a948dfbcef23c3e7059490', 'ac08af0974034eea98b97d25d60dc4fd', 176377882734135512, '2019-07-09 10:04:17', NULL, NULL, NULL, NULL, NULL, 0);
INSERT INTO `tab_dept_user` VALUES ('3baac1547a8c42618200b87c12a82292', '47687952b37248a399bd2021bcc3f703', '675e01017bff4626934d5b326ac5aef7', 176360166860529512, '2019-07-09 10:04:20', NULL, NULL, NULL, NULL, NULL, 0);
INSERT INTO `tab_dept_user` VALUES ('47e0579d40c4404d8e1194b5ea9bec78', '9704b2b9c6a948dfbcef23c3e7059490', '257e36116f474134a9f7b05884f9fd7a', 176388670976196512, '2019-07-09 10:04:17', NULL, NULL, NULL, NULL, NULL, 0);
INSERT INTO `tab_dept_user` VALUES ('49d347ee138f465fb7a8ec425ab8a2c4', '9704b2b9c6a948dfbcef23c3e7059490', 'faf996c457c441a484fdc222cfdd1ff8', 176388651402721512, '2019-07-09 10:04:18', NULL, NULL, NULL, NULL, NULL, 0);
INSERT INTO `tab_dept_user` VALUES ('4a1dac71ce1a4448ae5a0257ea4656d3', '9704b2b9c6a948dfbcef23c3e7059490', 'd8bdfb8204fc4499bf379026f6865999', 176377879526751512, '2019-07-09 10:04:17', NULL, NULL, NULL, NULL, NULL, 0);
INSERT INTO `tab_dept_user` VALUES ('55ac9fe577224ddc99c7c3c655bc0fc9', '8ba3f6f029ec48fd99f68177623f9078', 'ae74c737a9da41b39cacbf5a06b0fa2d', 176360166901134512, '2019-07-09 10:04:20', NULL, NULL, NULL, NULL, NULL, 0);
INSERT INTO `tab_dept_user` VALUES ('5f13aa3dc4ee4d3aadd3c189f1ae31d2', '9704b2b9c6a948dfbcef23c3e7059490', 'e68f29952b8440e8af864bfff6259d71', 176377879526512512, '2019-07-09 10:04:19', NULL, NULL, NULL, NULL, NULL, 0);
INSERT INTO `tab_dept_user` VALUES ('603f6c2c1d394e0fb0f9d5ea45598909', 'ad159e8248fc42a0b516ae0308b71209', '64656adfc7df4649ba69aa2ed955c464', 176360166811713512, '2019-07-09 10:04:20', NULL, NULL, NULL, NULL, NULL, 0);
INSERT INTO `tab_dept_user` VALUES ('687117c32a834c62885ad7f0ecb141b9', 'db167790b82442a6ac6d4b5919310373', '5695b8a776d843698c4042e94c9781d0', 176360166935708512, '2019-07-09 10:04:21', NULL, NULL, NULL, NULL, NULL, 0);
INSERT INTO `tab_dept_user` VALUES ('732efab68dbd4f24803429c15070c609', '9704b2b9c6a948dfbcef23c3e7059490', '359a1b43df3f43068872551c3195cd1b', 176358524100084512, '2019-07-09 10:04:16', NULL, NULL, NULL, NULL, NULL, 0);
INSERT INTO `tab_dept_user` VALUES ('7563658ca10247cba90cd4d99d37f428', '9704b2b9c6a948dfbcef23c3e7059490', '5a4c1958e3224cf1b77cdd393e1b4958', 176377710357457512, '2019-07-09 10:04:17', NULL, NULL, NULL, NULL, NULL, 0);
INSERT INTO `tab_dept_user` VALUES ('75955ac4ecec4c5b8798e0c4aa6cde03', '9704b2b9c6a948dfbcef23c3e7059490', 'e04f9bbe7b8f4e71bab369d96cefaf39', 176377879527835512, '2019-07-09 10:04:18', NULL, NULL, NULL, NULL, NULL, 0);
INSERT INTO `tab_dept_user` VALUES ('7e12af8d68bf4b19867b59d21b4b4be4', '9704b2b9c6a948dfbcef23c3e7059490', 'f8aafe56a9cb4936a3084d977181e67b', 176361378716047512, '2019-07-09 10:04:16', NULL, NULL, NULL, NULL, NULL, 0);
INSERT INTO `tab_dept_user` VALUES ('82c27040313e48e38cc21f741ddde40b', '9704b2b9c6a948dfbcef23c3e7059490', '446baef9ac4e4ae6bfa6b7ee621c4427', 176378536045783512, '2019-07-09 10:04:19', NULL, NULL, NULL, NULL, NULL, 0);
INSERT INTO `tab_dept_user` VALUES ('83ea59132f334d9ca711e75aa2998165', '9704b2b9c6a948dfbcef23c3e7059490', '70f997707e884d72b37a66d90b94a1f7', 176377710358318512, '2019-07-09 10:04:16', NULL, NULL, NULL, NULL, NULL, 0);
INSERT INTO `tab_dept_user` VALUES ('8b0c6bc43e0844bd9a3ce4c4a35814fc', '47687952b37248a399bd2021bcc3f703', 'c19c869c81b54657b6a5496c5b2e113e', 176360166876232512, '2019-07-09 10:04:20', NULL, NULL, NULL, NULL, NULL, 0);
INSERT INTO `tab_dept_user` VALUES ('96f896f7b5da46a78fbbab76b14b68f3', '77cc83011830405a8191dbca5ecbb4be', 'a38b75afec8342fb81e6f3eae597c501', 176355924026045512, '2019-07-09 10:04:21', NULL, NULL, NULL, NULL, NULL, 0);
INSERT INTO `tab_dept_user` VALUES ('9a91e406447b474c8c4cfe294189bd2c', '16889f1d2dc04214a7bbd0b63ccd060f', '27629096f34745d48cfee73346c30fae', 176360166982566512, '2019-07-09 10:04:19', NULL, NULL, NULL, NULL, NULL, 0);
INSERT INTO `tab_dept_user` VALUES ('9b6bcbfc5d5d4b40a523408139a4d93a', '16889f1d2dc04214a7bbd0b63ccd060f', 'f8621d1147a042319643f9351dad9bbe', 180013191951825460, '2019-07-09 10:04:19', NULL, NULL, NULL, NULL, NULL, 0);
INSERT INTO `tab_dept_user` VALUES ('a2e4a14df5fa4fdf96db61415df4bce4', '47687952b37248a399bd2021bcc3f703', '9f7a7d37caf446df81825c26c577db1d', 176360166849812512, '2019-07-09 10:04:20', NULL, NULL, NULL, NULL, NULL, 0);
INSERT INTO `tab_dept_user` VALUES ('b92f8de6c36041f5b33aa6ba5e1ddb16', '9704b2b9c6a948dfbcef23c3e7059490', '2211588f3f8540daa77a2fda34645028', 176377882732913512, '2019-07-09 10:04:18', NULL, NULL, NULL, NULL, NULL, 0);
INSERT INTO `tab_dept_user` VALUES ('c4699d1924d14e95a6209b74e6bf2bff', '9704b2b9c6a948dfbcef23c3e7059490', 'f14eb62eb8e04cb19607de0ab67d51df', 176360167187949512, '2019-07-09 10:04:18', NULL, NULL, NULL, NULL, NULL, 0);
INSERT INTO `tab_dept_user` VALUES ('ccd907e3834749278fa3f76638f4c04a', '9704b2b9c6a948dfbcef23c3e7059490', 'd1fd68f0f565489eba40ac4a8ec3d4dc', 176377882732166512, '2019-07-09 10:04:18', NULL, NULL, NULL, NULL, NULL, 0);
INSERT INTO `tab_dept_user` VALUES ('d78049300d934ccf8429c45e61d6c212', '835c5372fa884b6abe890a591a178216', '27629096f34745d48cfee73346c30fae', 176357990132477512, '2019-07-09 10:04:22', NULL, NULL, NULL, NULL, NULL, 0);
INSERT INTO `tab_dept_user` VALUES ('d94ca7968eb34a5398a5c25e37e8eaf9', 'af5df94d5992479d8d60cf34e5dc4b8f', 'cfc96dcd95fd45baa5c1fbd383458cc3', 176360166961029512, '2019-07-09 10:04:19', NULL, NULL, NULL, NULL, NULL, 0);
INSERT INTO `tab_dept_user` VALUES ('deae20613d654c86bd491a9f95d041bb', '9704b2b9c6a948dfbcef23c3e7059490', '91ff8bd593404a5fbfea3a78e41c9013', 176377710358018512, '2019-07-09 10:04:17', NULL, NULL, NULL, NULL, NULL, 0);
INSERT INTO `tab_dept_user` VALUES ('e583b67aba39444db5b5af7766925280', '9704b2b9c6a948dfbcef23c3e7059490', '60cfda4239d246908616b5fa692c9047', 176377776876840512, '2019-07-09 10:04:18', NULL, NULL, NULL, NULL, NULL, 0);
INSERT INTO `tab_dept_user` VALUES ('f2754afc107a4fa39bbae6f47bb9eb61', '37ad3d97fecc4e3dbd2b1612133811dc', 'd664ed2baf414ec785dffd0ebbc77e2a', 176360166917382512, '2019-07-09 10:04:22', NULL, NULL, NULL, NULL, NULL, 0);

-- ----------------------------
-- Table structure for tab_files
-- ----------------------------
DROP TABLE IF EXISTS `tab_files`;
CREATE TABLE `tab_files`  (
  `id` varchar(32) CHARACTER SET utf8 COLLATE utf8_general_ci NOT NULL COMMENT '主键',
  `name` varchar(255) CHARACTER SET utf8 COLLATE utf8_general_ci NULL DEFAULT NULL COMMENT '文件名',
  `type` varchar(20) CHARACTER SET utf8 COLLATE utf8_general_ci NULL DEFAULT NULL COMMENT '文件类型',
  `size` bigint(20) NULL DEFAULT NULL COMMENT '文件大小',
  `MD5` varchar(32) CHARACTER SET utf8 COLLATE utf8_general_ci NULL DEFAULT NULL COMMENT '文件MD5值',
  `url` varchar(500) CHARACTER SET utf8 COLLATE utf8_general_ci NULL DEFAULT NULL COMMENT '文件链接',
  `createTime` datetime(0) NULL DEFAULT NULL COMMENT '创建时间',
  `createUid` varchar(32) CHARACTER SET utf8 COLLATE utf8_general_ci NULL DEFAULT NULL COMMENT '创建人',
  `modifyTime` datetime(0) NULL DEFAULT NULL COMMENT '修改时间',
  `modifyUid` varchar(32) CHARACTER SET utf8 COLLATE utf8_general_ci NULL DEFAULT NULL COMMENT '修改人',
  `deleteTime` datetime(0) NULL DEFAULT NULL COMMENT '删除时间',
  `deleteUid` varchar(32) CHARACTER SET utf8 COLLATE utf8_general_ci NULL DEFAULT NULL COMMENT '删除人',
  `isDeleted` tinyint(4) NULL DEFAULT 0 COMMENT '是否删除',
  PRIMARY KEY (`id`) USING BTREE
) ENGINE = InnoDB CHARACTER SET = utf8 COLLATE = utf8_general_ci COMMENT = '文件表' ROW_FORMAT = Dynamic;

-- ----------------------------
-- Records of tab_files
-- ----------------------------
INSERT INTO `tab_files` VALUES ('01e544d6f88844e7a5066ab1670bdb26', '1a4d1b74a45f0487409e465569f395eb.jpg', '.jpg', 5119, '299a8905434957dc19b6d99095163c1a', '/upload/image/20190725/299a8905434957dc19b6d99095163c1a.jpg', '2019-07-25 17:32:38', 'd8bdfb8204fc4499bf379026f6865999', NULL, NULL, NULL, NULL, 0);
INSERT INTO `tab_files` VALUES ('02fe5488e87e4457abd783dd9ea27fe6', '微信服务号（美办公）.jpg', '.jpg', 218203, '172fc50255f5f9d4fce360caa0384662', '/upload/image/20190730/172fc50255f5f9d4fce360caa0384662.jpg', '2019-07-30 15:07:29', 'd8bdfb8204fc4499bf379026f6865999', NULL, NULL, NULL, NULL, 0);
INSERT INTO `tab_files` VALUES ('0b5637088c8d4c11904c2bf813309058', '微信常见错误代码.xlsx', '.xlsx', 11891, '05c5783782402e86fb0b52688bf608e6', '/upload/file/20190726/05c5783782402e86fb0b52688bf608e6.xlsx', '2019-07-26 09:52:37', 'd8bdfb8204fc4499bf379026f6865999', NULL, NULL, NULL, NULL, 0);
INSERT INTO `tab_files` VALUES ('13106d5d15744896b5b2fb372b473230', '178B153F-D2A2-491A-9C84-DBEC4DE15EB1.jpeg', '.jpeg', 163723, 'ed8c1a09d33b4f3e000d59eb0db78c62', '/upload/file/20190814/ed8c1a09d33b4f3e000d59eb0db78c62.jpeg', '2019-08-14 11:57:33', 'd8bdfb8204fc4499bf379026f6865999', NULL, NULL, NULL, NULL, 0);
INSERT INTO `tab_files` VALUES ('329ca3941fc541f2a5188e02b74ded24', 'word标准模板(美办公2018).docx', '.docx', 57031, 'ecff8cc957aa85c111fad03aa19cafc2', '/upload/file/20190809/ecff8cc957aa85c111fad03aa19cafc2.docx', '2019-08-09 16:02:17', 'd8bdfb8204fc4499bf379026f6865999', NULL, NULL, NULL, NULL, 0);
INSERT INTO `tab_files` VALUES ('9857a4999e6d490582486bac1f7bbbc3', '美办公LOGO-2.png', '.png', 154511, 'c04d4f4c0c25b2e77684b0ea72674232', '/upload/image/20190731/c04d4f4c0c25b2e77684b0ea72674232.png', '2019-07-31 09:29:29', 'd8bdfb8204fc4499bf379026f6865999', NULL, NULL, NULL, NULL, 0);
INSERT INTO `tab_files` VALUES ('98c8113064374d889abaa571bbaa20f1', '111.pptx', '.pptx', 11478022, 'e34bf7be97a1270eba02b5df0b804190', '/upload/file/20190814/e34bf7be97a1270eba02b5df0b804190.pptx', '2019-08-14 11:51:17', 'd8bdfb8204fc4499bf379026f6865999', NULL, NULL, NULL, NULL, 0);
INSERT INTO `tab_files` VALUES ('9c9021e467094fbbb1585cd388b64b90', '分销平台报备新客户注册及报备项目操作指导-201809.pdf', '.pdf', 768775, 'c536bfe6e36badc25d94e8129a846b80', '/upload/file/20190726/c536bfe6e36badc25d94e8129a846b80.pdf', '2019-07-26 14:22:39', 'd8bdfb8204fc4499bf379026f6865999', NULL, NULL, NULL, NULL, 0);
INSERT INTO `tab_files` VALUES ('9daafea4b1314ba68bb3d183f30dcc1a', '微信服务号（美办公） 透明.png', '.png', 175503, '1e7e7f4747542d159d29962080d06c46', '/upload/image/20190730/1e7e7f4747542d159d29962080d06c46.png', '2019-07-30 15:11:08', 'd8bdfb8204fc4499bf379026f6865999', NULL, NULL, NULL, NULL, 0);
INSERT INTO `tab_files` VALUES ('a45ea0d83c5c45bbaa9c3a331a17fc5f', '走进赛格立诺 2019 .pdf', '.pdf', 19590887, '1e90f473bcdc97a2912b50873438d5fb', '/upload/file/20190726/1e90f473bcdc97a2912b50873438d5fb.pdf', '2019-07-26 11:06:36', 'd8bdfb8204fc4499bf379026f6865999', NULL, NULL, NULL, NULL, 0);
INSERT INTO `tab_files` VALUES ('b91190f444c040e2bc43211fb6fcde75', '阿里云注册及购买邮箱流程.pdf', '.pdf', 582559, '27e265fcc46375720b008347a5b621fd', '/upload/file/20190726/27e265fcc46375720b008347a5b621fd.pdf', '2019-07-26 14:22:30', 'd8bdfb8204fc4499bf379026f6865999', NULL, NULL, NULL, NULL, 0);
INSERT INTO `tab_files` VALUES ('b9187d09740f4694a36d3d57856fd963', '保密协议.docx', '.docx', 24503, 'a76953d6fa1a3e3ec135483c895f268d', '/upload/file/20190815/a76953d6fa1a3e3ec135483c895f268d.docx', '2019-08-15 14:35:56', 'd8bdfb8204fc4499bf379026f6865999', NULL, NULL, NULL, NULL, 0);
INSERT INTO `tab_files` VALUES ('c1e4d1708bbb47129496fb83e68312c6', '审批日志发起单URL说明.docx', '.docx', 957245, '6a3b94bf98e7e7629bbab8838f90f240', '/upload/file/20190726/6a3b94bf98e7e7629bbab8838f90f240.docx', '2019-07-26 16:10:50', 'd8bdfb8204fc4499bf379026f6865999', NULL, NULL, NULL, NULL, 0);
INSERT INTO `tab_files` VALUES ('c63ee342efbf47acae8cf5d9521a9acc', '双LOGO.png', '.png', 137659, '79cd17c8595fbc9f085191e98f66e31a', '/upload/image/20190730/79cd17c8595fbc9f085191e98f66e31a.png', '2019-07-30 15:14:18', 'd8bdfb8204fc4499bf379026f6865999', NULL, NULL, NULL, NULL, 0);
INSERT INTO `tab_files` VALUES ('d07e41f86ed44721b7df54db3c623f82', 'D34DB3D3-41D0-4BA0-BB16-EF1D2CA268FF.jpeg', '.jpeg', 635345, '14a7f6e642a07c10cd06e7e4e167e844', '/upload/file/20190814/14a7f6e642a07c10cd06e7e4e167e844.jpeg', '2019-08-14 10:59:20', 'd8bdfb8204fc4499bf379026f6865999', NULL, NULL, NULL, NULL, 0);
INSERT INTO `tab_files` VALUES ('d349a5737e0a46bc99f2e3e3ddf0806b', '嘉丰达报价单.xlsx', '.xlsx', 15598, '2cbded27cb058e565d8cf2b8d8d77ef6', '/upload/file/20190815/2cbded27cb058e565d8cf2b8d8d77ef6.xlsx', '2019-08-15 14:37:05', 'd8bdfb8204fc4499bf379026f6865999', NULL, NULL, NULL, NULL, 0);
INSERT INTO `tab_files` VALUES ('d878a23e95924fba94dc7abe371a4d22', '惠买系统对接报价.xlsx', '.xlsx', 12443, 'fee356d886882e3f1a6446930a70c372', '/upload/file/20190815/fee356d886882e3f1a6446930a70c372.xlsx', '2019-08-15 14:35:13', 'd8bdfb8204fc4499bf379026f6865999', NULL, NULL, NULL, NULL, 0);
INSERT INTO `tab_files` VALUES ('d94f22ce2a0348efb829d73ebfe29493', '赛格LOGO-1.png', '.png', 104405, 'db2e29a0b02ab0e83ddc5ba24d2f1e21', '/upload/image/20190730/db2e29a0b02ab0e83ddc5ba24d2f1e21.png', '2019-07-30 15:14:07', 'd8bdfb8204fc4499bf379026f6865999', NULL, NULL, NULL, NULL, 0);
INSERT INTO `tab_files` VALUES ('e4e31bb159aa4528bcff784404f16015', '微信常见错误代码.zip', '.zip', 9188, 'e4ab2f5f20c85ed1d6aac9b01b35305f', '/upload/file/20190809/e4ab2f5f20c85ed1d6aac9b01b35305f.zip', '2019-08-09 16:53:32', 'd8bdfb8204fc4499bf379026f6865999', NULL, NULL, NULL, NULL, 0);
INSERT INTO `tab_files` VALUES ('eed744adb6ab48e58bc49a83fa9bf6c4', '分布式SOA架构.docx', '.docx', 1001120, 'e3d05c46428c5547bdc496dd6dd760f5', '/upload/file/20190726/e3d05c46428c5547bdc496dd6dd760f5.docx', '2019-07-26 10:46:23', 'd8bdfb8204fc4499bf379026f6865999', NULL, NULL, NULL, NULL, 0);
INSERT INTO `tab_files` VALUES ('fc39f224d14642258da2ab3dfc192f4f', '中铁建物业钉钉内部APP.pptx', '.pptx', 3881425, '6066ed734700c90f96b5bec54bd8fac4', '/upload/file/20190815/6066ed734700c90f96b5bec54bd8fac4.pptx', '2019-08-15 14:39:16', 'd8bdfb8204fc4499bf379026f6865999', NULL, NULL, NULL, NULL, 0);

-- ----------------------------
-- Table structure for tab_notice
-- ----------------------------
DROP TABLE IF EXISTS `tab_notice`;
CREATE TABLE `tab_notice`  (
  `id` varchar(32) CHARACTER SET utf8 COLLATE utf8_general_ci NOT NULL COMMENT '主键',
  `categoryId` varchar(32) CHARACTER SET utf8 COLLATE utf8_general_ci NULL DEFAULT NULL COMMENT '分类ID',
  `title` varchar(100) CHARACTER SET utf8 COLLATE utf8_general_ci NULL DEFAULT NULL COMMENT '标题',
  `content` text CHARACTER SET utf8 COLLATE utf8_general_ci NULL COMMENT '内容',
  `author` varchar(50) CHARACTER SET utf8 COLLATE utf8_general_ci NULL DEFAULT NULL COMMENT '作者',
  `coverUrl` varchar(300) CHARACTER SET utf8 COLLATE utf8_general_ci NULL DEFAULT NULL COMMENT '封面',
  `scopeJson` text CHARACTER SET utf8 COLLATE utf8_general_ci NULL COMMENT '发送范围json',
  `readCount` int(11) NULL DEFAULT NULL COMMENT '已读数',
  `totalCount` int(11) NULL DEFAULT NULL COMMENT '发布总人数',
  `publishTime` datetime(0) NULL DEFAULT NULL COMMENT '发布时间',
  `needReply` tinyint(4) NULL DEFAULT 0 COMMENT '是否需要回复',
  `createTime` datetime(0) NULL DEFAULT NULL COMMENT '创建时间',
  `createUid` varchar(32) CHARACTER SET utf8 COLLATE utf8_general_ci NULL DEFAULT NULL COMMENT '创建人',
  `modifyTime` datetime(0) NULL DEFAULT NULL COMMENT '修改时间',
  `modifyUid` varchar(32) CHARACTER SET utf8 COLLATE utf8_general_ci NULL DEFAULT NULL COMMENT '修改人',
  `deleteTime` datetime(0) NULL DEFAULT NULL COMMENT '删除时间',
  `deleteUid` varchar(32) CHARACTER SET utf8 COLLATE utf8_general_ci NULL DEFAULT NULL COMMENT '删除人',
  `isDeleted` tinyint(4) NULL DEFAULT 0 COMMENT '是否删除',
  PRIMARY KEY (`id`) USING BTREE
) ENGINE = InnoDB CHARACTER SET = utf8 COLLATE = utf8_general_ci COMMENT = '通知公告表' ROW_FORMAT = Dynamic;

-- ----------------------------
-- Records of tab_notice
-- ----------------------------
INSERT INTO `tab_notice` VALUES ('01833bc0cf064a58b8f39539792e52be', NULL, '归还归还是', '<p>分为阿萨</p>', '车位', '', '[{\"id\":\"d8bdfb8204fc4499bf379026f6865999\",\"name\":\"张志豪\",\"avatar\":\"https://static-legacy.dingtalk.com/media/lADPBbCc1WibZqHNAlHNAhs_539_593.jpg\",\"type\":\"user\",\"checked\":true,\"disabled\":true}]', 0, 1, '2019-08-06 15:41:18', 0, '2019-08-06 15:41:18', 'd8bdfb8204fc4499bf379026f6865999', '2019-08-06 15:41:18', 'd8bdfb8204fc4499bf379026f6865999', NULL, NULL, 0);
INSERT INTO `tab_notice` VALUES ('0710e3ff7671427f9e8dd58d34789b26', NULL, '测试1', '<p>123</p>', '123', '', '[{\"id\":\"d8bdfb8204fc4499bf379026f6865999\",\"name\":\"张志豪\",\"avatar\":\"https://static-legacy.dingtalk.com/media/lADPBbCc1WibZqHNAlHNAhs_539_593.jpg\",\"type\":\"user\",\"checked\":true,\"disabled\":true}]', 0, 1, '2019-08-06 13:52:55', 0, '2019-08-06 13:52:55', 'd8bdfb8204fc4499bf379026f6865999', '2019-08-06 13:52:55', 'd8bdfb8204fc4499bf379026f6865999', NULL, NULL, 0);
INSERT INTO `tab_notice` VALUES ('0cc4a439cc5c4d99934be25db55cfb21', NULL, '水电费', '<p>从是自出心裁不在手 按时阿萨德按时仨 微软按时啊啊分啊</p>', '第三范式', '', '[{\"id\":\"d8bdfb8204fc4499bf379026f6865999\",\"name\":\"张志豪\",\"avatar\":\"https://static-legacy.dingtalk.com/media/lADPBbCc1WibZqHNAlHNAhs_539_593.jpg\",\"type\":\"user\",\"checked\":true,\"disabled\":true}]', 0, 1, '2019-08-06 13:54:28', 0, '2019-08-06 13:54:28', 'd8bdfb8204fc4499bf379026f6865999', '2019-08-06 13:54:28', 'd8bdfb8204fc4499bf379026f6865999', NULL, NULL, 0);
INSERT INTO `tab_notice` VALUES ('276a03c2924411e9852f00ffeb657a63', '1', '关于颁布人力行政制度汇编的通知', '<p style=\"-webkit-tap-highlight-color: rgba(0, 0, 0, 0);box-sizing: border-box;margin-top: 0px;margin-bottom: 0.000133333px;padding: 0px;color: rgba(0, 0, 0, 0.65);white-space: normal;font-size: 14px;font-family: calibri, sans-serif;text-align: center;background: white;line-height: 1.8 !important\"><span style=\"-webkit-tap-highlight-color: rgba(0, 0, 0, 0);box-sizing: border-box;padding: 0px;line-height: 1.8 !important;font-weight: bold;font-size: 65px;font-family: 宋体;color: red\">赛格立诺文件</span></p><p style=\"-webkit-tap-highlight-color: rgba(0, 0, 0, 0); box-sizing: border-box; margin-top: 0px; margin-bottom: 0.000133333px; padding: 0px; color: rgba(0, 0, 0, 0.65); white-space: normal; font-size: 14px; font-family: calibri, sans-serif; background: white; line-height: 1.8 !important; text-align: right;\"><span style=\"-webkit-tap-highlight-color: rgba(0, 0, 0, 0);box-sizing: border-box;padding: 0px;font-weight: bold;font-size: 17px;font-family: 宋体;color: black;line-height: 1.8 !important\">赛格人字（<span style=\"-webkit-tap-highlight-color: rgba(0, 0, 0, 0);box-sizing: border-box;padding: 0px;line-height: 1.8 !important\">2019</span>）<span style=\"-webkit-tap-highlight-color: rgba(0, 0, 0, 0);box-sizing: border-box;padding: 0px;line-height: 1.8 !important\">2</span>号&nbsp; &nbsp; &nbsp;&nbsp;</span></p><p style=\"-webkit-tap-highlight-color: rgba(0, 0, 0, 0); box-sizing: border-box; margin-top: 0px; margin-bottom: 0.000133333px; padding: 0px; color: rgba(0, 0, 0, 0.65); white-space: normal; font-size: 14px; font-family: calibri, sans-serif; background: white; line-height: 1.8 !important; text-align: right;\"><span style=\"-webkit-tap-highlight-color: rgba(0, 0, 0, 0);box-sizing: border-box;padding: 0px;line-height: 1.8 !important;font-family: 宋体;font-size: 22px;font-weight: bold;text-align: center\">关于颁布人力行政制度汇编的通知</span></p><p style=\"-webkit-tap-highlight-color: rgba(0, 0, 0, 0);box-sizing: border-box;margin-top: 0px;margin-bottom: 0.000133333px;padding: 0px;color: rgba(0, 0, 0, 0.65);white-space: normal;font-size: 14px;font-family: calibri, sans-serif;background: white;line-height: 1.8 !important\"><span style=\"font-family: 仿宋; font-size: 19px; text-align: justify;\">全体员工：</span></p><p style=\"-webkit-tap-highlight-color: rgba(0, 0, 0, 0);box-sizing: border-box;margin-top: 0px;margin-bottom: 0px;padding: 0px;color: rgba(0, 0, 0, 0.65);white-space: normal;font-family: 宋体;text-indent: 39px;background: white;line-height: 1.8 !important\"><span style=\"-webkit-tap-highlight-color: rgba(0, 0, 0, 0);box-sizing: border-box;padding: 0px;line-height: 1.8 !important;font-size: 19px;font-family: 仿宋\">为规范公司人力行政管理体系，根据《中华人民共和国劳动法》等有关政策、法规，结合原有制度体系，经公司高管会议研讨、全员培训，《北京赛格立诺办公科技股份有限公司人力行政制度汇编》现予发布<span style=\"-webkit-tap-highlight-color: rgba(0, 0, 0, 0);box-sizing: border-box;padding: 0px;line-height: 1.8 !important\">,</span>自<span style=\"-webkit-tap-highlight-color: rgba(0, 0, 0, 0);box-sizing: border-box;padding: 0px;line-height: 1.8 !important\">2019</span>年<span style=\"-webkit-tap-highlight-color: rgba(0, 0, 0, 0);box-sizing: border-box;padding: 0px;line-height: 1.8 !important\">1</span>月<span style=\"-webkit-tap-highlight-color: rgba(0, 0, 0, 0);box-sizing: border-box;padding: 0px;line-height: 1.8 !important\">1</span>日起执行。</span></p><p style=\"-webkit-tap-highlight-color: rgba(0, 0, 0, 0);box-sizing: border-box;margin-top: 0px;margin-bottom: 0.000133333px;padding: 0px;color: rgba(0, 0, 0, 0.65);white-space: normal;font-size: 14px;font-family: calibri, sans-serif;text-indent: 26px;background: white;line-height: 1.8 !important\"><span style=\"-webkit-tap-highlight-color: rgba(0, 0, 0, 0);box-sizing: border-box;padding: 0px;line-height: 1.8 !important;font-size: 19px;font-family: 仿宋\">请全体员工严格执行。</span></p><p style=\"-webkit-tap-highlight-color: rgba(0, 0, 0, 0);box-sizing: border-box;margin-top: 0px;margin-bottom: 0.000133333px;padding: 0px;color: rgba(0, 0, 0, 0.65);white-space: normal;font-size: 14px;font-family: calibri, sans-serif;text-indent: 26px;background: white;line-height: 1.8 !important\"><span style=\"-webkit-tap-highlight-color: rgba(0, 0, 0, 0);box-sizing: border-box;padding: 0px;line-height: 1.8 !important;font-size: 19px;font-family: 仿宋\">&nbsp;</span></p><p style=\"-webkit-tap-highlight-color: rgba(0, 0, 0, 0);box-sizing: border-box;margin-top: 0px;margin-bottom: 0.000133333px;padding: 0px;line-height: 25px;color: rgba(0, 0, 0, 0.65);white-space: normal;text-align: justify;font-size: 14px;font-family: calibri, sans-serif;background: white\"><span style=\"-webkit-tap-highlight-color: rgba(0, 0, 0, 0);box-sizing: border-box;padding: 0px;line-height: 1.8 !important;font-size: 19px;font-family: 仿宋\">附：《</span><span style=\"-webkit-tap-highlight-color: rgba(0, 0, 0, 0);box-sizing: border-box;padding: 0px;line-height: 1.8 !important;font-size: 19px;font-family: 仿宋\">北京赛格立诺办公科技股份有限公司人力行政制度</span><span style=\"-webkit-tap-highlight-color: rgba(0, 0, 0, 0);box-sizing: border-box;padding: 0px;line-height: 1.8 !important;font-size: 19px;font-family: 仿宋\">汇编》</span></p><p style=\"-webkit-tap-highlight-color: rgba(0, 0, 0, 0);box-sizing: border-box;margin-top: 0px;margin-bottom: 0.000133333px;padding: 0px;line-height: 25px;color: rgba(0, 0, 0, 0.65);white-space: normal;text-align: justify;font-size: 14px;font-family: calibri, sans-serif;background: white\"><span style=\"-webkit-tap-highlight-color: rgba(0, 0, 0, 0);box-sizing: border-box;padding: 0px;line-height: 1.8 !important;font-size: 19px\">&nbsp;</span><span style=\"-webkit-tap-highlight-color: rgba(0, 0, 0, 0);box-sizing: border-box;padding: 0px;line-height: 1.8 !important;font-size: 19px;font-family: 宋体\">&nbsp;</span><span style=\"-webkit-tap-highlight-color: rgba(0, 0, 0, 0);box-sizing: border-box;padding: 0px;line-height: 1.8 !important;font-size: 19px\">&nbsp;</span><span style=\"-webkit-tap-highlight-color: rgba(0, 0, 0, 0);box-sizing: border-box;padding: 0px;line-height: 1.8 !important;font-size: 19px;font-family: 宋体\">&nbsp;</span><span style=\"-webkit-tap-highlight-color: rgba(0, 0, 0, 0);box-sizing: border-box;padding: 0px;line-height: 1.8 !important;font-size: 19px\">&nbsp;</span><span style=\"-webkit-tap-highlight-color: rgba(0, 0, 0, 0);box-sizing: border-box;padding: 0px;line-height: 1.8 !important;font-size: 19px;font-family: 宋体\">&nbsp;</span><span style=\"-webkit-tap-highlight-color: rgba(0, 0, 0, 0);box-sizing: border-box;padding: 0px;line-height: 1.8 !important;font-size: 19px;font-family: 仿宋\">特此通告！</span></p><p style=\"-webkit-tap-highlight-color: rgba(0, 0, 0, 0);box-sizing: border-box;margin-top: 0px;margin-bottom: 0.000133333px;padding: 0px;line-height: 25px;color: rgba(0, 0, 0, 0.65);white-space: normal;text-align: justify;font-size: 14px;font-family: calibri, sans-serif;background: white\"><span style=\"-webkit-tap-highlight-color: rgba(0, 0, 0, 0);box-sizing: border-box;padding: 0px;line-height: 1.8 !important;font-size: 19px;font-family: 仿宋\">&nbsp;</span></p><p style=\"-webkit-tap-highlight-color: rgba(0, 0, 0, 0);box-sizing: border-box;margin-top: 0px;margin-bottom: 0.000133333px;padding: 0px;line-height: 25px;color: rgba(0, 0, 0, 0.65);white-space: normal;text-align: justify;font-size: 14px;font-family: calibri, sans-serif;background: white\"><span style=\"-webkit-tap-highlight-color: rgba(0, 0, 0, 0);box-sizing: border-box;padding: 0px;line-height: 1.8 !important;font-size: 19px;font-family: 仿宋\">&nbsp;</span></p><p style=\"-webkit-tap-highlight-color: rgba(0, 0, 0, 0);box-sizing: border-box;margin-top: 0px;margin-bottom: 0.000133333px;padding: 0px;line-height: 25px;color: rgba(0, 0, 0, 0.65);white-space: normal;text-align: justify;font-size: 14px;font-family: calibri, sans-serif;background: white\"><span style=\"-webkit-tap-highlight-color: rgba(0, 0, 0, 0);box-sizing: border-box;padding: 0px;line-height: 1.8 !important\">&nbsp;</span></p><p style=\"-webkit-tap-highlight-color: rgba(0, 0, 0, 0);box-sizing: border-box;margin-top: 0px;margin-bottom: 0.000133333px;padding: 0px;line-height: 38px;color: rgba(0, 0, 0, 0.65);white-space: normal;text-align: justify;font-size: 14px;font-family: calibri, sans-serif;text-indent: 32px;background: white\"><span style=\"-webkit-tap-highlight-color: rgba(0, 0, 0, 0);box-sizing: border-box;padding: 0px;line-height: 1.8 !important;font-size: 17px;font-family: 宋体\">&nbsp;</span></p><p style=\"-webkit-tap-highlight-color: rgba(0, 0, 0, 0);box-sizing: border-box;margin-top: 0px;margin-bottom: 0.000133333px;padding: 0px;line-height: 38px;color: rgba(0, 0, 0, 0.65);white-space: normal;font-size: 14px;font-family: calibri, sans-serif;text-align: right;background: white\"><span style=\"-webkit-tap-highlight-color: rgba(0, 0, 0, 0);box-sizing: border-box;padding: 0px;line-height: 1.8 !important;font-weight: bold;font-size: 19px;font-family: 仿宋\">北京赛格立诺办公<span style=\"-webkit-tap-highlight-color: rgba(0, 0, 0, 0); font-size: 19px; font-family: 仿宋; background-color: rgb(255, 255, 255); line-height: 1.8 !important;\"></span>科技股份有限公司</span></p><p style=\"-webkit-tap-highlight-color: rgba(0, 0, 0, 0);box-sizing: border-box;margin-top: 0px;margin-bottom: 0.000133333px;padding: 0px;line-height: 38px;color: rgba(0, 0, 0, 0.65);white-space: normal;font-size: 14px;font-family: calibri, sans-serif;text-align: right;background: white\"><span style=\"font-family: 仿宋; font-size: 19px; font-weight: bold; text-align: left; text-indent: 340px;\">人力行政部</span></p><p style=\"-webkit-tap-highlight-color: rgba(0, 0, 0, 0);box-sizing: border-box;margin-top: 0px;margin-bottom: 0.000133333px;padding: 0px;line-height: 38px;color: rgba(0, 0, 0, 0.65);white-space: normal;font-size: 14px;font-family: calibri, sans-serif;text-align: right;background: white\"><span style=\"font-family: 仿宋; font-size: 19px; font-weight: bold; text-indent: 291px;\">二</span><span style=\"font-family: 仿宋; font-size: 19px; font-weight: bold; text-indent: 291px; -webkit-tap-highlight-color: rgba(0, 0, 0, 0); box-sizing: border-box; padding: 0px; line-height: 1.8 !important;\">0</span><span style=\"font-family: 仿宋; font-size: 19px; font-weight: bold; text-indent: 291px;\">一九年一月三十一日</span></p><p style=\"-webkit-tap-highlight-color: rgba(0, 0, 0, 0);box-sizing: border-box;margin-top: 0px;margin-bottom: 0.000133333px;padding: 0px;line-height: 25px;color: rgba(0, 0, 0, 0.65);white-space: normal;text-align: justify;font-size: 14px;font-family: calibri, sans-serif;text-indent: 39px;background: white\"><span style=\"-webkit-tap-highlight-color: rgba(0, 0, 0, 0);box-sizing: border-box;padding: 0px;line-height: 1.8 !important;font-weight: bold;font-size: 19px;font-family: 仿宋\">&nbsp;</span></p><p><br/></p>', '人事部', '/upload/image/20190725/299a8905434957dc19b6d99095163c1a.jpg', '[{\"id\":\"d8bdfb8204fc4499bf379026f6865999\",\"name\":\"张志豪\",\"avatar\":\"https://static-legacy.dingtalk.com/media/lADPBbCc1WibZqHNAlHNAhs_539_593.jpg\",\"type\":\"user\",\"checked\":true,\"disabled\":true},{\"id\":\"d1fd68f0f565489eba40ac4a8ec3d4dc\",\"name\":\"李扬扬\",\"avatar\":\"https://static-legacy.dingtalk.com/media/lADPDgQ9qpSsGAfNAvTNAns_635_756.jpg\",\"type\":\"user\",\"checked\":true,\"disabled\":true}]', 1, 2, '2019-08-05 16:51:03', 0, '2019-06-19 11:49:40', NULL, '2019-08-12 09:48:59', 'd8bdfb8204fc4499bf379026f6865999', NULL, NULL, 0);
INSERT INTO `tab_notice` VALUES ('4a5a7d5ed6fa4693bc3e4bb149e1ec8f', NULL, '查询为是', '<p>操作</p>', '车呃呃', '', '[{\"id\":\"d8bdfb8204fc4499bf379026f6865999\",\"name\":\"张志豪\",\"avatar\":\"https://static-legacy.dingtalk.com/media/lADPBbCc1WibZqHNAlHNAhs_539_593.jpg\",\"type\":\"user\",\"checked\":true,\"disabled\":true}]', 0, 1, '2019-08-06 15:40:43', 0, '2019-08-06 15:40:43', 'd8bdfb8204fc4499bf379026f6865999', '2019-08-06 15:40:43', 'd8bdfb8204fc4499bf379026f6865999', NULL, NULL, 0);
INSERT INTO `tab_notice` VALUES ('4e6251f3bae5453292fe5a26f1dee2ba', NULL, '下次vw', '<p>从是注册表VB&nbsp;&nbsp;</p>', '水电费文', '', '[{\"id\":\"9704b2b9c6a948dfbcef23c3e7059490\",\"name\":\"北京赛格美办公企业服务中心\",\"avatar\":null,\"type\":\"dept\",\"checked\":true,\"disabled\":true}]', 2, 31, '2019-08-09 17:01:22', 0, '2019-08-06 15:41:45', 'd8bdfb8204fc4499bf379026f6865999', '2019-08-13 15:40:29', '446baef9ac4e4ae6bfa6b7ee621c4427', NULL, NULL, 0);
INSERT INTO `tab_notice` VALUES ('625cebfd8ab34cc9a0ba457988002ed6', NULL, '用电管理制度重申', '<p style=\"-webkit-tap-highlight-color: rgba(0, 0, 0, 0);box-sizing: border-box;margin-top: 0px;margin-bottom: 0px;padding: 0px;line-height: 24px;color: rgba(0, 0, 0, 0.65);font-family: PingFangSC-Regular;font-size: 12px;white-space: normal;background: rgb(255, 255, 255)\"><span style=\"-webkit-tap-highlight-color: rgba(0, 0, 0, 0);box-sizing: border-box;padding: 0px;color: rgb(0, 0, 0);font-size: 16px;font-family: 微软雅黑;line-height: 1.8 !important\"><span style=\"-webkit-tap-highlight-color: rgba(0, 0, 0, 0);box-sizing: border-box;padding: 0px;font-weight: 700;line-height: 1.8 !important\">用电管理制度重申</span></span></p><p style=\"-webkit-tap-highlight-color: rgba(0, 0, 0, 0);box-sizing: border-box;margin-top: 0px;margin-bottom: 0px;padding: 0px;line-height: 24px;color: rgba(0, 0, 0, 0.65);font-family: PingFangSC-Regular;font-size: 12px;white-space: normal;background: rgb(255, 255, 255)\"><span style=\"-webkit-tap-highlight-color: rgba(0, 0, 0, 0);box-sizing: border-box;padding: 0px;color: rgb(0, 0, 0);font-size: 16px;font-family: 微软雅黑;font-weight: 700;line-height: 1.8 !important\"><br/></span></p><p style=\"-webkit-tap-highlight-color: rgba(0, 0, 0, 0);box-sizing: border-box;margin-top: 0px;margin-bottom: 0px;padding: 0px;line-height: 24px;color: rgba(0, 0, 0, 0.65);font-family: PingFangSC-Regular;font-size: 12px;white-space: normal;background: rgb(255, 255, 255)\"><span style=\"-webkit-tap-highlight-color: rgba(0, 0, 0, 0);box-sizing: border-box;padding: 0px;color: rgb(0, 0, 0);font-size: 16px;font-family: 微软雅黑;line-height: 1.8 !important\">&nbsp; &nbsp; &nbsp; &nbsp;由于夏季为用电高峰期，使用空调及电灯后请应及时关闭，</span><span style=\"-webkit-tap-highlight-color: rgba(0, 0, 0, 0);box-sizing: border-box;padding: 0px;font-family: 微软雅黑;color: rgb(0, 0, 0);font-size: 16px;line-height: 1.8 !important\"><span style=\"-webkit-tap-highlight-color: rgba(0, 0, 0, 0);box-sizing: border-box;padding: 0px;line-height: 1.8 !important\">下班最后离开公司的人员负责检查并关闭公司电灯和空调电源，使用会议室的由会议组织者或者最后一个离开会议室的人员关闭电灯和空调电源，望各位同事保持良好的使用习惯，杜绝</span>“长明灯”以及彻夜开空调的现象。</span></p><p style=\"-webkit-tap-highlight-color: rgba(0, 0, 0, 0);box-sizing: border-box;margin-top: 0px;margin-bottom: 0px;padding: 0px;line-height: 24px;color: rgba(0, 0, 0, 0.65);font-family: PingFangSC-Regular;font-size: 12px;white-space: normal;text-indent: 48px;background: rgb(255, 255, 255)\"><span style=\"-webkit-tap-highlight-color: rgba(0, 0, 0, 0);box-sizing: border-box;padding: 0px;font-family: 微软雅黑;color: rgb(0, 0, 0);font-size: 16px;line-height: 1.8 !important\"><span style=\"-webkit-tap-highlight-color: rgba(0, 0, 0, 0);box-sizing: border-box;padding: 0px;line-height: 1.8 !important\">下文为《人力行政管理制度汇编》中摘取《用电管理制度》第五条</span>&nbsp;<span style=\"-webkit-tap-highlight-color: rgba(0, 0, 0, 0);box-sizing: border-box;padding: 0px;line-height: 1.8 !important\">检查和处罚内容，请大家详细阅读！</span></span></p><p style=\"-webkit-tap-highlight-color: rgba(0, 0, 0, 0);box-sizing: border-box;margin-top: 0px;margin-bottom: 0.000133333px;margin-left: 7px;padding: 0px;line-height: 27px;color: rgba(0, 0, 0, 0.65);font-family: PingFangSC-Regular;font-size: 12px;white-space: normal;background-color: rgb(255, 255, 255);text-align: justify\"><span style=\"-webkit-tap-highlight-color: rgba(0, 0, 0, 0);box-sizing: border-box;padding: 0px;line-height: 1.8 !important;font-weight: 700;font-family: 宋体;font-size: 16px;background-color: rgb(255, 255, 0)\">&nbsp;检查和处罚</span><span style=\"-webkit-tap-highlight-color: rgba(0, 0, 0, 0);box-sizing: border-box;padding: 0px;line-height: 1.8 !important;font-weight: 700;font-family: 宋体;font-size: 16px\"></span></p><p style=\"-webkit-tap-highlight-color: rgba(0, 0, 0, 0);box-sizing: border-box;margin-top: 0px;margin-bottom: 0.000133333px;margin-left: 7px;padding: 0px;line-height: 27px;color: rgba(0, 0, 0, 0.65);font-family: PingFangSC-Regular;font-size: 12px;white-space: normal;background-color: rgb(255, 255, 255);text-align: justify;text-indent: 32px\"><span style=\"-webkit-tap-highlight-color: rgba(0, 0, 0, 0);box-sizing: border-box;padding: 0px;line-height: 1.8 !important;font-family: 宋体;font-size: 16px;color: rgb(0, 0, 0);background-color: rgb(255, 255, 0)\">1. 公司用电由人力行政部负责日常检查和监督，具体如下：</span></p><p style=\"-webkit-tap-highlight-color: rgba(0, 0, 0, 0);box-sizing: border-box;margin-top: 0px;margin-bottom: 0.000133333px;margin-left: 7px;padding: 0px;line-height: 27px;color: rgba(0, 0, 0, 0.65);font-family: PingFangSC-Regular;font-size: 12px;white-space: normal;background-color: rgb(255, 255, 255);text-align: justify;text-indent: 32px\"><span style=\"-webkit-tap-highlight-color: rgba(0, 0, 0, 0);box-sizing: border-box;padding: 0px;line-height: 1.8 !important;font-family: 宋体;font-size: 16px;color: rgb(0, 0, 0);background-color: rgb(255, 255, 0)\">1) 私自改装公司线路和插座等给公司造成一定损失的；</span></p><p style=\"-webkit-tap-highlight-color: rgba(0, 0, 0, 0);box-sizing: border-box;margin-top: 0px;margin-bottom: 0.000133333px;margin-left: 7px;padding: 0px;line-height: 27px;color: rgba(0, 0, 0, 0.65);font-family: PingFangSC-Regular;font-size: 12px;white-space: normal;background-color: rgb(255, 255, 255);text-align: justify;text-indent: 32px\"><span style=\"-webkit-tap-highlight-color: rgba(0, 0, 0, 0);box-sizing: border-box;padding: 0px;line-height: 1.8 !important;font-family: 宋体;font-size: 16px;color: rgb(0, 0, 0);background-color: rgb(255, 255, 0)\">2) 违规用电导致公司电路出现故障影响正常办公的；</span></p><p style=\"-webkit-tap-highlight-color: rgba(0, 0, 0, 0);box-sizing: border-box;margin-top: 0px;margin-bottom: 0.000133333px;margin-left: 7px;padding: 0px;line-height: 27px;color: rgba(0, 0, 0, 0.65);font-family: PingFangSC-Regular;font-size: 12px;white-space: normal;background-color: rgb(255, 255, 255);text-align: justify;text-indent: 32px\"><span style=\"-webkit-tap-highlight-color: rgba(0, 0, 0, 0);box-sizing: border-box;padding: 0px;line-height: 1.8 !important;font-family: 宋体;font-size: 16px;color: rgb(0, 0, 0);background-color: rgb(255, 255, 0)\">3) 中午休息时间不关灯的；</span></p><p style=\"-webkit-tap-highlight-color: rgba(0, 0, 0, 0);box-sizing: border-box;margin-top: 0px;margin-bottom: 0.000133333px;margin-left: 7px;padding: 0px;line-height: 27px;color: rgba(0, 0, 0, 0.65);font-family: PingFangSC-Regular;font-size: 12px;white-space: normal;background-color: rgb(255, 255, 255);text-align: justify;text-indent: 32px\"><span style=\"-webkit-tap-highlight-color: rgba(0, 0, 0, 0);box-sizing: border-box;padding: 0px;line-height: 1.8 !important;font-family: 宋体;font-size: 16px;color: rgb(0, 0, 0);background-color: rgb(255, 255, 0)\">4) 下班后最后一个离开办公区域但是没有检查并关闭所在区域公司电灯和空调造成浪费的；</span></p><p style=\"-webkit-tap-highlight-color: rgba(0, 0, 0, 0);box-sizing: border-box;margin-top: 0px;margin-bottom: 0.000133333px;margin-left: 7px;padding: 0px;line-height: 27px;color: rgba(0, 0, 0, 0.65);font-family: PingFangSC-Regular;font-size: 12px;white-space: normal;background-color: rgb(255, 255, 255);text-align: justify;text-indent: 32px\"><span style=\"-webkit-tap-highlight-color: rgba(0, 0, 0, 0);box-sizing: border-box;padding: 0px;line-height: 1.8 !important;font-family: 宋体;font-size: 16px;color: rgb(0, 0, 0);background-color: rgb(255, 255, 0)\">5) 使用会议室后离开前没有关闭电灯和空调开关导致长明灯和彻夜开空调造成浪费的。</span></p><p style=\"-webkit-tap-highlight-color: rgba(0, 0, 0, 0);box-sizing: border-box;margin-top: 0px;margin-bottom: 0.000133333px;margin-left: 7px;padding: 0px;line-height: 27px;color: rgba(0, 0, 0, 0.65);font-family: PingFangSC-Regular;font-size: 12px;white-space: normal;background-color: rgb(255, 255, 255);text-align: justify;text-indent: 32px\"><span style=\"-webkit-tap-highlight-color: rgba(0, 0, 0, 0);box-sizing: border-box;padding: 0px;line-height: 1.8 !important;font-family: 宋体;font-size: 16px;color: rgb(0, 0, 0);background-color: rgb(255, 255, 0)\">2.人力行政部对违规用电的相关部门及责任人进行经济处罚等处理，具体如下：</span></p><p style=\"-webkit-tap-highlight-color: rgba(0, 0, 0, 0);box-sizing: border-box;margin-top: 0px;margin-bottom: 0.000133333px;margin-left: 7px;padding: 0px;line-height: 27px;color: rgba(0, 0, 0, 0.65);font-family: PingFangSC-Regular;font-size: 12px;white-space: normal;background-color: rgb(255, 255, 255);text-align: justify;text-indent: 32px\"><span style=\"-webkit-tap-highlight-color: rgba(0, 0, 0, 0);box-sizing: border-box;padding: 0px;line-height: 1.8 !important;font-family: 宋体;font-size: 16px;color: rgb(0, 0, 0);background-color: rgb(255, 255, 0)\">1) 中午休息时间未关灯的，对所在部门区域负责人一次处罚 50 元；</span></p><p style=\"-webkit-tap-highlight-color: rgba(0, 0, 0, 0);box-sizing: border-box;margin-top: 0px;margin-bottom: 0.000133333px;margin-left: 7px;padding: 0px;line-height: 27px;color: rgba(0, 0, 0, 0.65);font-family: PingFangSC-Regular;font-size: 12px;white-space: normal;background-color: rgb(255, 255, 255);text-align: justify;text-indent: 32px\"><span style=\"-webkit-tap-highlight-color: rgba(0, 0, 0, 0);box-sizing: border-box;padding: 0px;line-height: 1.8 !important;font-family: 宋体;font-size: 16px;color: rgb(0, 0, 0);background-color: rgb(255, 255, 0)\">2) 最后离开办公区域忘记关灯的一次罚款 100 元，忘记关空调的一次 200 元，依次递增；</span></p><p style=\"-webkit-tap-highlight-color: rgba(0, 0, 0, 0);box-sizing: border-box;margin-top: 0px;margin-bottom: 0.000133333px;margin-left: 7px;padding: 0px;line-height: 27px;color: rgba(0, 0, 0, 0.65);font-family: PingFangSC-Regular;font-size: 12px;white-space: normal;background-color: rgb(255, 255, 255);text-align: justify;text-indent: 32px\"><span style=\"-webkit-tap-highlight-color: rgba(0, 0, 0, 0);box-sizing: border-box;padding: 0px;line-height: 1.8 !important;font-family: 宋体;font-size: 16px;color: rgb(0, 0, 0);background-color: rgb(255, 255, 0)\">3) 使用会议室后未关电灯的，一次 50 元。忘记关闭空调的，一次 100 元，依次递增；</span></p><p style=\"-webkit-tap-highlight-color: rgba(0, 0, 0, 0);box-sizing: border-box;margin-top: 0px;margin-bottom: 0.000133333px;margin-left: 7px;padding: 0px;line-height: 27px;color: rgba(0, 0, 0, 0.65);font-family: PingFangSC-Regular;font-size: 12px;white-space: normal;background-color: rgb(255, 255, 255);text-align: justify;text-indent: 32px\"><span style=\"-webkit-tap-highlight-color: rgba(0, 0, 0, 0);box-sizing: border-box;padding: 0px;line-height: 1.8 !important;font-family: 宋体;font-size: 16px;color: rgb(0, 0, 0);background-color: rgb(255, 255, 0)\">4) 私自改装线路或使用违规电器造成停电或其他损失的，除了赔偿造成的损失之外，每次罚款 500 元。</span></p><p style=\"-webkit-tap-highlight-color: rgba(0, 0, 0, 0);box-sizing: border-box;margin-top: 0px;margin-bottom: 0.000133333px;margin-left: 7px;padding: 0px;line-height: 27px;color: rgba(0, 0, 0, 0.65);font-family: PingFangSC-Regular;font-size: 12px;white-space: normal;background-color: rgb(255, 255, 255);text-align: justify;text-indent: 32px\"><span style=\"-webkit-tap-highlight-color: rgba(0, 0, 0, 0);box-sizing: border-box;padding: 0px;line-height: 1.8 !important;font-family: 宋体;font-size: 16px;color: rgb(0, 0, 0);background-color: rgb(255, 255, 0)\">3. 人力行政部对待违规用电行为的考核纳入到绩效管理中。</span></p><p style=\"-webkit-tap-highlight-color: rgba(0, 0, 0, 0);box-sizing: border-box;margin-top: 0px;margin-bottom: 0.000133333px;margin-left: 7px;padding: 0px;line-height: 27px;color: rgba(0, 0, 0, 0.65);font-family: PingFangSC-Regular;font-size: 12px;white-space: normal;background-color: rgb(255, 255, 255);text-align: justify;text-indent: 32px\"><span style=\"-webkit-tap-highlight-color: rgba(0, 0, 0, 0);box-sizing: border-box;padding: 0px;line-height: 1.8 !important;font-family: 宋体;font-size: 16px;color: rgb(0, 0, 0);background-color: rgb(255, 255, 0)\">4. 对于以上任意一种行为，都进行通报批评。</span></p><p><br/></p>', '丹迪', '', '[{\"id\":\"d8bdfb8204fc4499bf379026f6865999\",\"name\":\"张志豪\",\"avatar\":\"https://static-legacy.dingtalk.com/media/lADPBbCc1WibZqHNAlHNAhs_539_593.jpg\",\"type\":\"user\",\"checked\":true,\"disabled\":true}]', 0, 1, '2019-08-05 16:52:04', 0, '2019-07-30 15:23:03', 'd8bdfb8204fc4499bf379026f6865999', '2019-08-05 16:52:04', 'd8bdfb8204fc4499bf379026f6865999', '2019-07-31 09:27:00', 'd8bdfb8204fc4499bf379026f6865999', 0);
INSERT INTO `tab_notice` VALUES ('67500dcfc60d49af81646d2ded83b188', NULL, '阿帆', '<p>需负责的分阿帆按时发</p>', '13123', '', '[{\"id\":\"d8bdfb8204fc4499bf379026f6865999\",\"name\":\"张志豪\",\"avatar\":\"https://static-legacy.dingtalk.com/media/lADPBbCc1WibZqHNAlHNAhs_539_593.jpg\",\"type\":\"user\",\"checked\":true,\"disabled\":true}]', 0, 1, '2019-08-06 13:53:35', 0, '2019-08-06 13:53:35', 'd8bdfb8204fc4499bf379026f6865999', '2019-08-06 13:53:35', 'd8bdfb8204fc4499bf379026f6865999', NULL, NULL, 0);
INSERT INTO `tab_notice` VALUES ('75035aac848641009596904c25e8bdd8', NULL, '下次vw', '<p>从是注册表VB&nbsp;&nbsp;</p>', '水电费文', '', '[{\"id\":\"d8bdfb8204fc4499bf379026f6865999\",\"name\":\"张志豪\",\"avatar\":\"https://static-legacy.dingtalk.com/media/lADPBbCc1WibZqHNAlHNAhs_539_593.jpg\",\"type\":\"user\",\"checked\":true,\"disabled\":true}]', 1, 1, '2019-08-06 15:41:42', 0, '2019-08-06 15:41:42', 'd8bdfb8204fc4499bf379026f6865999', '2019-08-13 15:34:36', 'd8bdfb8204fc4499bf379026f6865999', NULL, NULL, 0);
INSERT INTO `tab_notice` VALUES ('76296053a78844e79eebaf29f70a7dbb', NULL, '斯蒂芬吧', '<p>发送第三方啊仨 as we&nbsp; &nbsp;ad啊为</p>', '味儿翁', '', '[{\"id\":\"d8bdfb8204fc4499bf379026f6865999\",\"name\":\"张志豪\",\"avatar\":\"https://static-legacy.dingtalk.com/media/lADPBbCc1WibZqHNAlHNAhs_539_593.jpg\",\"type\":\"user\",\"checked\":true,\"disabled\":true}]', 0, 1, '2019-08-06 13:54:50', 0, '2019-08-06 13:54:50', 'd8bdfb8204fc4499bf379026f6865999', '2019-08-06 13:54:50', 'd8bdfb8204fc4499bf379026f6865999', NULL, NULL, 0);
INSERT INTO `tab_notice` VALUES ('79884fd60c1c4423a458a5bc966a279b', NULL, '归还归还是', '<p>分为阿萨</p>', '车位', '', '[{\"id\":\"d8bdfb8204fc4499bf379026f6865999\",\"name\":\"张志豪\",\"avatar\":\"https://static-legacy.dingtalk.com/media/lADPBbCc1WibZqHNAlHNAhs_539_593.jpg\",\"type\":\"user\",\"checked\":true,\"disabled\":true}]', 0, 1, '2019-08-06 15:41:20', 0, '2019-08-06 15:41:20', 'd8bdfb8204fc4499bf379026f6865999', '2019-08-06 15:41:20', 'd8bdfb8204fc4499bf379026f6865999', NULL, NULL, 0);
INSERT INTO `tab_notice` VALUES ('7e86fb551d284ee5b9360c094b1e5a4b', NULL, '下次vw', '<p>从是注册表VB&nbsp;&nbsp;</p>', '水电费文', '', '[{\"id\":\"d8bdfb8204fc4499bf379026f6865999\",\"name\":\"张志豪\",\"avatar\":\"https://static-legacy.dingtalk.com/media/lADPBbCc1WibZqHNAlHNAhs_539_593.jpg\",\"type\":\"user\",\"checked\":true,\"disabled\":true}]', 0, 1, '2019-08-06 15:41:43', 0, '2019-08-06 15:41:43', 'd8bdfb8204fc4499bf379026f6865999', '2019-08-06 15:41:43', 'd8bdfb8204fc4499bf379026f6865999', NULL, NULL, 0);
INSERT INTO `tab_notice` VALUES ('84248527d8464b8b86fad620768d05d1', NULL, '查询为是', '<p>操作</p>', '车呃呃', '', '[{\"id\":\"d8bdfb8204fc4499bf379026f6865999\",\"name\":\"张志豪\",\"avatar\":\"https://static-legacy.dingtalk.com/media/lADPBbCc1WibZqHNAlHNAhs_539_593.jpg\",\"type\":\"user\",\"checked\":true,\"disabled\":true}]', 0, 1, '2019-08-06 15:40:42', 0, '2019-08-06 15:40:42', 'd8bdfb8204fc4499bf379026f6865999', '2019-08-06 15:40:42', 'd8bdfb8204fc4499bf379026f6865999', NULL, NULL, 0);
INSERT INTO `tab_notice` VALUES ('994ba290d3294307beffd5d5254c01b3', NULL, '是否是', '<p>水电费文<br/></p>', '不支持', '', '[{\"id\":\"d8bdfb8204fc4499bf379026f6865999\",\"name\":\"张志豪\",\"avatar\":\"https://static-legacy.dingtalk.com/media/lADPBbCc1WibZqHNAlHNAhs_539_593.jpg\",\"type\":\"user\",\"checked\":true,\"disabled\":true}]', 0, 1, '2019-08-06 13:54:03', 0, '2019-08-06 13:54:03', 'd8bdfb8204fc4499bf379026f6865999', '2019-08-06 13:54:03', 'd8bdfb8204fc4499bf379026f6865999', NULL, NULL, 0);
INSERT INTO `tab_notice` VALUES ('9adb3af905424e30b41b2f6bac97697e', NULL, '归还归还是', '<p>分为阿萨</p>', '车位', '', '[{\"id\":\"d8bdfb8204fc4499bf379026f6865999\",\"name\":\"张志豪\",\"avatar\":\"https://static-legacy.dingtalk.com/media/lADPBbCc1WibZqHNAlHNAhs_539_593.jpg\",\"type\":\"user\",\"checked\":true,\"disabled\":true}]', 0, 1, '2019-08-06 15:41:19', 0, '2019-08-06 15:41:19', 'd8bdfb8204fc4499bf379026f6865999', '2019-08-06 15:41:20', 'd8bdfb8204fc4499bf379026f6865999', NULL, NULL, 0);
INSERT INTO `tab_notice` VALUES ('b345bc263dde43458dfc45e800d03128', NULL, '下次vw', '<p>从是注册表VB&nbsp;&nbsp;</p>', '水电费文', '', '[{\"id\":\"d8bdfb8204fc4499bf379026f6865999\",\"name\":\"张志豪\",\"avatar\":\"https://static-legacy.dingtalk.com/media/lADPBbCc1WibZqHNAlHNAhs_539_593.jpg\",\"type\":\"user\",\"checked\":true,\"disabled\":true}]', 1, 1, '2019-08-06 15:41:45', 1, '2019-08-06 15:41:45', 'd8bdfb8204fc4499bf379026f6865999', '2019-08-12 09:46:50', 'd8bdfb8204fc4499bf379026f6865999', NULL, NULL, 0);
INSERT INTO `tab_notice` VALUES ('bd3f9afa51dc402b91e576ca90f2866c', NULL, '需', '<p>打发送</p>', '131', '', '[{\"id\":\"d8bdfb8204fc4499bf379026f6865999\",\"name\":\"张志豪\",\"avatar\":\"https://static-legacy.dingtalk.com/media/lADPBbCc1WibZqHNAlHNAhs_539_593.jpg\",\"type\":\"user\",\"checked\":true,\"disabled\":true}]', 0, 1, '2019-08-06 13:55:09', 0, '2019-08-06 13:55:09', 'd8bdfb8204fc4499bf379026f6865999', '2019-08-06 13:55:09', 'd8bdfb8204fc4499bf379026f6865999', NULL, NULL, 0);
INSERT INTO `tab_notice` VALUES ('caf436bcb0ff4d699149cef7e9bb57fd', NULL, '查询为是', '<p>操作</p>', '车呃呃', '', '[{\"id\":\"d8bdfb8204fc4499bf379026f6865999\",\"name\":\"张志豪\",\"avatar\":\"https://static-legacy.dingtalk.com/media/lADPBbCc1WibZqHNAlHNAhs_539_593.jpg\",\"type\":\"user\",\"checked\":true,\"disabled\":true}]', 0, 1, '2019-08-06 15:40:43', 0, '2019-08-06 15:40:43', 'd8bdfb8204fc4499bf379026f6865999', '2019-08-06 15:40:43', 'd8bdfb8204fc4499bf379026f6865999', NULL, NULL, 0);
INSERT INTO `tab_notice` VALUES ('d90456296280469f8129813460a98859', NULL, '查询为是', '<p>操作</p>', '车呃呃', '', '[{\"id\":\"d8bdfb8204fc4499bf379026f6865999\",\"name\":\"张志豪\",\"avatar\":\"https://static-legacy.dingtalk.com/media/lADPBbCc1WibZqHNAlHNAhs_539_593.jpg\",\"type\":\"user\",\"checked\":true,\"disabled\":true}]', 0, 1, '2019-08-06 15:40:40', 0, '2019-08-06 15:40:40', 'd8bdfb8204fc4499bf379026f6865999', '2019-08-06 15:40:40', 'd8bdfb8204fc4499bf379026f6865999', NULL, NULL, 0);
INSERT INTO `tab_notice` VALUES ('de80b2931ab642fbb10e8b963ff199be', NULL, '1231231', '<p>1313123</p>', '23123', '', '[{\"id\":\"d8bdfb8204fc4499bf379026f6865999\",\"name\":\"张志豪\",\"avatar\":\"https://static-legacy.dingtalk.com/media/lADPBbCc1WibZqHNAlHNAhs_539_593.jpg\",\"type\":\"user\",\"checked\":true,\"disabled\":true}]', 0, 1, '2019-08-06 13:55:23', 0, '2019-08-06 13:55:23', 'd8bdfb8204fc4499bf379026f6865999', '2019-08-06 13:55:23', 'd8bdfb8204fc4499bf379026f6865999', NULL, NULL, 0);
INSERT INTO `tab_notice` VALUES ('e07038b32f254388954d79ecbf432cac', NULL, '查询为是', '<p>操作</p>', '车呃呃', '', '[{\"id\":\"d8bdfb8204fc4499bf379026f6865999\",\"name\":\"张志豪\",\"avatar\":\"https://static-legacy.dingtalk.com/media/lADPBbCc1WibZqHNAlHNAhs_539_593.jpg\",\"type\":\"user\",\"checked\":true,\"disabled\":true}]', 0, 1, '2019-08-06 15:40:41', 0, '2019-08-06 15:40:41', 'd8bdfb8204fc4499bf379026f6865999', '2019-08-06 15:40:41', 'd8bdfb8204fc4499bf379026f6865999', NULL, NULL, 0);
INSERT INTO `tab_notice` VALUES ('e19c2dd249414b5c89f68a801d2d88ca', NULL, '第三方垫付', '<p>1312阿萨斯asd我</p>', '213123', '', '[{\"id\":\"d8bdfb8204fc4499bf379026f6865999\",\"name\":\"张志豪\",\"avatar\":\"https://static-legacy.dingtalk.com/media/lADPBbCc1WibZqHNAlHNAhs_539_593.jpg\",\"type\":\"user\",\"checked\":true,\"disabled\":true}]', 0, 1, '2019-08-06 13:55:43', 0, '2019-08-06 13:55:43', 'd8bdfb8204fc4499bf379026f6865999', '2019-08-06 13:55:43', 'd8bdfb8204fc4499bf379026f6865999', NULL, NULL, 0);
INSERT INTO `tab_notice` VALUES ('e63bb95f8d9f11e9a79000ffeb657a63', '1', '关于开展2019年北京市积分落户申报工作的通知', '<p style=\"-webkit-tap-highlight-color: rgba(0, 0, 0, 0);box-sizing: border-box;margin-top: 0px;margin-bottom: 0.000133333px;padding: 0px;color: rgba(0, 0, 0, 0.65);white-space: normal;background-color: rgb(255, 255, 255);text-align: justify;font-family: calibri;font-size: 14px;line-height: 1.8 !important\"><span style=\"-webkit-tap-highlight-color: rgba(0, 0, 0, 0);box-sizing: border-box;padding: 0px;line-height: 1.8 !important;font-family: 宋体;font-size: 16px\">全体员工：</span></p><p style=\"-webkit-tap-highlight-color: rgba(0, 0, 0, 0);box-sizing: border-box;margin-top: 0px;margin-bottom: 0.000133333px;padding: 0px;color: rgba(0, 0, 0, 0.65);white-space: normal;background-color: rgb(255, 255, 255);text-align: justify;font-family: calibri;font-size: 14px;text-indent: 32px;line-height: 1.8 !important\"><span style=\"-webkit-tap-highlight-color: rgba(0, 0, 0, 0);box-sizing: border-box;padding: 0px;line-height: 1.8 !important;font-family: 宋体;font-size: 16px\">2019年北京市<span style=\"-webkit-tap-highlight-color: rgba(0, 0, 0, 0);box-sizing: border-box;padding: 0px;color: rgb(0, 0, 0);line-height: 1.8 !important\">积分落户申报工作开始了，</span>现就2019年北京市积分落户申报有关</span><span style=\"-webkit-tap-highlight-color: rgba(0, 0, 0, 0);box-sizing: border-box;padding: 0px;line-height: 1.8 !important;font-family: 宋体;font-size: 16px\">时间安排、</span><span style=\"-webkit-tap-highlight-color: rgba(0, 0, 0, 0);box-sizing: border-box;padding: 0px;line-height: 1.8 !important;font-family: 宋体;font-size: 16px\">各指标时间节点</span><span style=\"-webkit-tap-highlight-color: rgba(0, 0, 0, 0);box-sizing: border-box;padding: 0px;line-height: 1.8 !important;font-family: 宋体;font-size: 16px\">、</span><span style=\"-webkit-tap-highlight-color: rgba(0, 0, 0, 0);box-sizing: border-box;padding: 0px;line-height: 1.8 !important;font-family: 宋体;font-size: 16px\">资格条件和指标操作认定说明</span><span style=\"-webkit-tap-highlight-color: rgba(0, 0, 0, 0);box-sizing: border-box;padding: 0px;line-height: 1.8 !important;font-family: 宋体;font-size: 16px\">进行通知，详情请见附件《</span><span style=\"-webkit-tap-highlight-color: rgba(0, 0, 0, 0);box-sizing: border-box;padding: 0px;line-height: 1.8 !important;font-family: 宋体;font-size: 16px\"><span style=\"-webkit-tap-highlight-color: rgba(0, 0, 0, 0);box-sizing: border-box;padding: 0px;line-height: 1.8 !important\">关于开展</span>2019年北京市积分落户申报工作的通知</span><span style=\"-webkit-tap-highlight-color: rgba(0, 0, 0, 0);box-sizing: border-box;padding: 0px;line-height: 1.8 !important;font-family: 宋体;font-size: 16px\">》！</span></p><p><br/></p>', '发布人发布人发布人发布人发布人发布人发布人发布人发布人发布人发布人发布人发布人发布人发布人发布人', '/upload/image/20190731/c04d4f4c0c25b2e77684b0ea72674232.png', '[{\"id\":\"d8bdfb8204fc4499bf379026f6865999\",\"name\":\"张志豪\",\"avatar\":\"https://static-legacy.dingtalk.com/media/lADPBbCc1WibZqHNAlHNAhs_539_593.jpg\",\"type\":\"user\",\"checked\":true,\"disabled\":true}]', 1, 1, '2019-08-01 10:44:53', 0, '2019-06-13 13:57:24', NULL, '2019-08-14 14:28:09', 'd8bdfb8204fc4499bf379026f6865999', '2019-07-31 09:27:00', 'd8bdfb8204fc4499bf379026f6865999', 0);
INSERT INTO `tab_notice` VALUES ('fb423c551de84607ac29b0a4cda0deae', NULL, '下次vw', '<p>从是注册表VB&nbsp;&nbsp;</p>', '水电费文', '', '[{\"id\":\"d8bdfb8204fc4499bf379026f6865999\",\"name\":\"张志豪\",\"avatar\":\"https://static-legacy.dingtalk.com/media/lADPBbCc1WibZqHNAlHNAhs_539_593.jpg\",\"type\":\"user\",\"checked\":true,\"disabled\":true}]', 1, 1, '2019-08-06 15:41:44', 0, '2019-08-06 15:41:44', 'd8bdfb8204fc4499bf379026f6865999', '2019-08-12 09:48:40', 'd8bdfb8204fc4499bf379026f6865999', NULL, NULL, 0);
INSERT INTO `tab_notice` VALUES ('fdc1a24428704803bbb8cbea8231470f', NULL, '归还归还是', '<p>分为阿萨</p>', '车位', '', '[{\"id\":\"d8bdfb8204fc4499bf379026f6865999\",\"name\":\"张志豪\",\"avatar\":\"https://static-legacy.dingtalk.com/media/lADPBbCc1WibZqHNAlHNAhs_539_593.jpg\",\"type\":\"user\",\"checked\":true,\"disabled\":true}]', 0, 1, '2019-08-06 15:41:18', 0, '2019-08-06 15:41:18', 'd8bdfb8204fc4499bf379026f6865999', '2019-08-06 15:41:18', 'd8bdfb8204fc4499bf379026f6865999', NULL, NULL, 0);

-- ----------------------------
-- Table structure for tab_notice_attach
-- ----------------------------
DROP TABLE IF EXISTS `tab_notice_attach`;
CREATE TABLE `tab_notice_attach`  (
  `id` varchar(32) CHARACTER SET utf8 COLLATE utf8_general_ci NOT NULL COMMENT '主键',
  `noticeId` varchar(32) CHARACTER SET utf8 COLLATE utf8_general_ci NULL DEFAULT NULL COMMENT '通知公告ID',
  `attachId` varchar(32) CHARACTER SET utf8 COLLATE utf8_general_ci NULL DEFAULT NULL COMMENT '附件ID',
  `attachName` varchar(300) CHARACTER SET utf8 COLLATE utf8_general_ci NULL DEFAULT NULL COMMENT '附件名称',
  `attachUrl` varchar(300) CHARACTER SET utf8 COLLATE utf8_general_ci NULL DEFAULT NULL COMMENT '附件链接',
  `createTime` datetime(0) NULL DEFAULT NULL COMMENT '创建时间',
  `createUid` varchar(32) CHARACTER SET utf8 COLLATE utf8_general_ci NULL DEFAULT NULL COMMENT '创建人',
  `modifyTime` datetime(0) NULL DEFAULT NULL COMMENT '修改时间',
  `modifyUid` varchar(32) CHARACTER SET utf8 COLLATE utf8_general_ci NULL DEFAULT NULL COMMENT '修改人',
  `deleteTime` datetime(0) NULL DEFAULT NULL COMMENT '删除时间',
  `deleteUid` varchar(32) CHARACTER SET utf8 COLLATE utf8_general_ci NULL DEFAULT NULL COMMENT '删除人',
  `isDeleted` tinyint(4) NULL DEFAULT 0 COMMENT '是否删除',
  PRIMARY KEY (`id`) USING BTREE
) ENGINE = InnoDB CHARACTER SET = utf8 COLLATE = utf8_general_ci COMMENT = '通知公告附件表' ROW_FORMAT = Dynamic;

-- ----------------------------
-- Records of tab_notice_attach
-- ----------------------------
INSERT INTO `tab_notice_attach` VALUES ('14c397d8af6411e98f131c1b0d8ffa9f', '276a03c2924411e9852f00ffeb657a63', '0b5637088c8d4c11904c2bf813309058', '微信常见错误代码.xlsx', '/upload/file/20190726/05c5783782402e86fb0b52688bf608e6.xlsx', '2019-07-26 13:13:58', 'd8bdfb8204fc4499bf379026f6865999', NULL, NULL, NULL, NULL, 0);
INSERT INTO `tab_notice_attach` VALUES ('3a528da2af6411e98f131c1b0d8ffa9f', '276a03c2924411e9852f00ffeb657a63', 'a45ea0d83c5c45bbaa9c3a331a17fc5f', '走进赛格立诺 2019 .pdf', '/upload/file/20190726/1e90f473bcdc97a2912b50873438d5fb.pdf', '2019-07-26 13:14:46', 'd8bdfb8204fc4499bf379026f6865999', NULL, NULL, NULL, NULL, 0);
INSERT INTO `tab_notice_attach` VALUES ('5f7c06b1f8664d43ad7fdaf170929f43', '4e6251f3bae5453292fe5a26f1dee2ba', 'e4e31bb159aa4528bcff784404f16015', '微信常见错误代码.zip', '/upload/file/20190809/e4ab2f5f20c85ed1d6aac9b01b35305f.zip', '2019-08-09 16:55:12', 'd8bdfb8204fc4499bf379026f6865999', NULL, NULL, NULL, NULL, 0);
INSERT INTO `tab_notice_attach` VALUES ('ae353ae5136d4cc0b9e19bbefa7b85f2', '4e6251f3bae5453292fe5a26f1dee2ba', '0b5637088c8d4c11904c2bf813309058', '微信常见错误代码.xlsx', '/upload/file/20190726/05c5783782402e86fb0b52688bf608e6.xlsx', '2019-08-09 17:02:07', 'd8bdfb8204fc4499bf379026f6865999', NULL, NULL, NULL, NULL, 0);
INSERT INTO `tab_notice_attach` VALUES ('bc77589ea5fc4e5ea9edaf03bf077b6c', '276a03c2924411e9852f00ffeb657a63', 'c1e4d1708bbb47129496fb83e68312c6', '审批日志发起单URL说明.docx', '/upload/file/20190726/6a3b94bf98e7e7629bbab8838f90f240.docx', '2019-07-26 16:15:38', 'd8bdfb8204fc4499bf379026f6865999', NULL, NULL, NULL, NULL, 0);
INSERT INTO `tab_notice_attach` VALUES ('f36fc786690b43c09bb506d45a8f60ec', 'e63bb95f8d9f11e9a79000ffeb657a63', '0b5637088c8d4c11904c2bf813309058', '微信常见错误代码.xlsx', '/upload/file/20190726/05c5783782402e86fb0b52688bf608e6.xlsx', '2019-07-31 09:29:54', 'd8bdfb8204fc4499bf379026f6865999', NULL, NULL, NULL, NULL, 0);

-- ----------------------------
-- Table structure for tab_notice_reply
-- ----------------------------
DROP TABLE IF EXISTS `tab_notice_reply`;
CREATE TABLE `tab_notice_reply`  (
  `id` varchar(32) CHARACTER SET utf8 COLLATE utf8_general_ci NOT NULL COMMENT '主键',
  `noticeId` varchar(32) CHARACTER SET utf8 COLLATE utf8_general_ci NULL DEFAULT NULL COMMENT '通知公告ID',
  `userId` varchar(32) CHARACTER SET utf8 COLLATE utf8_general_ci NULL DEFAULT NULL COMMENT '用户ID',
  `fileId` varchar(32) CHARACTER SET utf8 COLLATE utf8_general_ci NULL DEFAULT NULL COMMENT '文件ID',
  `fileName` varchar(300) CHARACTER SET utf8 COLLATE utf8_general_ci NULL DEFAULT NULL COMMENT '文件ID',
  `fileUrl` varchar(300) CHARACTER SET utf8 COLLATE utf8_general_ci NULL DEFAULT NULL COMMENT '文件链接',
  `content` varchar(200) CHARACTER SET utf8 COLLATE utf8_general_ci NULL DEFAULT NULL,
  `createTime` datetime(0) NULL DEFAULT NULL COMMENT '创建时间',
  `createUid` varchar(32) CHARACTER SET utf8 COLLATE utf8_general_ci NULL DEFAULT NULL COMMENT '创建人',
  `modifyTime` datetime(0) NULL DEFAULT NULL COMMENT '修改时间',
  `modifyUid` varchar(32) CHARACTER SET utf8 COLLATE utf8_general_ci NULL DEFAULT NULL COMMENT '修改人',
  `deleteTime` datetime(0) NULL DEFAULT NULL COMMENT '删除时间',
  `deleteUid` varchar(32) CHARACTER SET utf8 COLLATE utf8_general_ci NULL DEFAULT NULL COMMENT '删除人',
  `isDeleted` tinyint(4) NULL DEFAULT 0 COMMENT '是否删除',
  PRIMARY KEY (`id`) USING BTREE
) ENGINE = InnoDB CHARACTER SET = utf8 COLLATE = utf8_general_ci COMMENT = '通知公告回复表' ROW_FORMAT = Dynamic;

-- ----------------------------
-- Records of tab_notice_reply
-- ----------------------------
INSERT INTO `tab_notice_reply` VALUES ('222c657602ed4714b31e437ed1f54963', '4e6251f3bae5453292fe5a26f1dee2ba', 'd8bdfb8204fc4499bf379026f6865999', 'b9187d09740f4694a36d3d57856fd963', '保密协议.docx', '/upload/file/20190815/a76953d6fa1a3e3ec135483c895f268d.docx', '3123', '2019-08-15 14:36:17', 'd8bdfb8204fc4499bf379026f6865999', NULL, NULL, NULL, NULL, 0);
INSERT INTO `tab_notice_reply` VALUES ('49752b1b034a4681aa51f26ab21b7b44', '4e6251f3bae5453292fe5a26f1dee2ba', 'd8bdfb8204fc4499bf379026f6865999', 'd878a23e95924fba94dc7abe371a4d22', '惠买系统对接报价.xlsx', '/upload/file/20190815/fee356d886882e3f1a6446930a70c372.xlsx', '沙发上的', '2019-08-15 14:35:13', 'd8bdfb8204fc4499bf379026f6865999', NULL, NULL, NULL, NULL, 0);
INSERT INTO `tab_notice_reply` VALUES ('63c0571b945b438eaabf2cd2730f2ae6', '4e6251f3bae5453292fe5a26f1dee2ba', 'd8bdfb8204fc4499bf379026f6865999', 'd07e41f86ed44721b7df54db3c623f82', 'D34DB3D3-41D0-4BA0-BB16-EF1D2CA268FF.jpeg', '/upload/file/20190814/14a7f6e642a07c10cd06e7e4e167e844.jpeg', '发的3123下次比萨发送', '2019-08-14 10:59:20', 'd8bdfb8204fc4499bf379026f6865999', NULL, NULL, NULL, NULL, 0);
INSERT INTO `tab_notice_reply` VALUES ('b40a7ac43e774d5ea43579acbb95b9db', '4e6251f3bae5453292fe5a26f1dee2ba', 'd8bdfb8204fc4499bf379026f6865999', 'fc39f224d14642258da2ab3dfc192f4f', '中铁建物业钉钉内部APP.pptx', '/upload/file/20190815/6066ed734700c90f96b5bec54bd8fac4.pptx', '不不不不不不不不', '2019-08-15 14:39:16', 'd8bdfb8204fc4499bf379026f6865999', NULL, NULL, NULL, NULL, 0);
INSERT INTO `tab_notice_reply` VALUES ('c296a73d0090456bbe219e5fbfd37b4f', '4e6251f3bae5453292fe5a26f1dee2ba', 'd8bdfb8204fc4499bf379026f6865999', 'd07e41f86ed44721b7df54db3c623f82', '287EA441-0139-441F-AF19-E203AA9166CF.jpeg', '/upload/file/20190814/14a7f6e642a07c10cd06e7e4e167e844.jpeg', '续租啊啊发斯蒂芬sad', '2019-08-14 11:41:43', 'd8bdfb8204fc4499bf379026f6865999', NULL, NULL, NULL, NULL, 0);
INSERT INTO `tab_notice_reply` VALUES ('e11947636fd54cb891373a2fcc16ba5d', '4e6251f3bae5453292fe5a26f1dee2ba', 'd8bdfb8204fc4499bf379026f6865999', 'd349a5737e0a46bc99f2e3e3ddf0806b', '嘉丰达报价单.xlsx', '/upload/file/20190815/2cbded27cb058e565d8cf2b8d8d77ef6.xlsx', '123123', '2019-08-15 14:37:05', 'd8bdfb8204fc4499bf379026f6865999', NULL, NULL, NULL, NULL, 0);
INSERT INTO `tab_notice_reply` VALUES ('f1bcdf52d3a34d2085f81bab11fc7906', '4e6251f3bae5453292fe5a26f1dee2ba', 'd8bdfb8204fc4499bf379026f6865999', '98c8113064374d889abaa571bbaa20f1', '111.pptx', '/upload/file/20190814/e34bf7be97a1270eba02b5df0b804190.pptx', '阿道夫地方潍坊地方ad 范文芳爱疯爱疯为爱疯分潍坊阿道夫 额啊啊发爱疯ef啊阿道夫', '2019-08-14 11:51:17', 'd8bdfb8204fc4499bf379026f6865999', NULL, NULL, NULL, NULL, 0);
INSERT INTO `tab_notice_reply` VALUES ('f75ad70d03034bdb85649d53aad15962', '4e6251f3bae5453292fe5a26f1dee2ba', 'd8bdfb8204fc4499bf379026f6865999', '13106d5d15744896b5b2fb372b473230', '178B153F-D2A2-491A-9C84-DBEC4DE15EB1.jpeg', '/upload/file/20190814/ed8c1a09d33b4f3e000d59eb0db78c62.jpeg', '艾德阿分为发的发的发的分无法爱疯的发符文工房个好干活和缴费好几样 让他人为 说不能环境就统一艾德阿分为发的发的发的分无法爱疯的发符文工房个好干活和缴费好几样 让他人为 说不能环境就统一艾德阿分为发的发的发的分无法爱疯的发符文工房个好干活和缴费好几样 让他人为 说不能环境就统一艾德阿分为发的发的发的分无法爱疯的发符文工房个好干活和缴费好几样 让他人为 说不能环境就统一', '2019-08-14 11:57:33', 'd8bdfb8204fc4499bf379026f6865999', NULL, NULL, NULL, NULL, 0);

-- ----------------------------
-- Table structure for tab_notice_user
-- ----------------------------
DROP TABLE IF EXISTS `tab_notice_user`;
CREATE TABLE `tab_notice_user`  (
  `id` varchar(32) CHARACTER SET utf8 COLLATE utf8_general_ci NOT NULL COMMENT '主键',
  `noticeId` varchar(32) CHARACTER SET utf8 COLLATE utf8_general_ci NULL DEFAULT NULL COMMENT '通知公告ID',
  `userId` varchar(32) CHARACTER SET utf8 COLLATE utf8_general_ci NULL DEFAULT NULL COMMENT '用户ID',
  `isRead` tinyint(4) NULL DEFAULT 0 COMMENT '是否已读',
  `readTime` datetime(0) NULL DEFAULT NULL COMMENT '阅读时间',
  `createTime` datetime(0) NULL DEFAULT NULL COMMENT '创建时间',
  `createUid` varchar(32) CHARACTER SET utf8 COLLATE utf8_general_ci NULL DEFAULT NULL COMMENT '创建人',
  `modifyTime` datetime(0) NULL DEFAULT NULL COMMENT '修改时间',
  `modifyUid` varchar(32) CHARACTER SET utf8 COLLATE utf8_general_ci NULL DEFAULT NULL COMMENT '修改人',
  `deleteTime` datetime(0) NULL DEFAULT NULL COMMENT '删除时间',
  `deleteUid` varchar(32) CHARACTER SET utf8 COLLATE utf8_general_ci NULL DEFAULT NULL COMMENT '删除人',
  `isDeleted` tinyint(4) NULL DEFAULT 0 COMMENT '是否删除',
  PRIMARY KEY (`id`) USING BTREE
) ENGINE = InnoDB CHARACTER SET = utf8 COLLATE = utf8_general_ci COMMENT = '通知公告接收人表' ROW_FORMAT = Dynamic;

-- ----------------------------
-- Records of tab_notice_user
-- ----------------------------
INSERT INTO `tab_notice_user` VALUES ('014613d98b0b47e882a2a9216a3d85a9', '276a03c2924411e9852f00ffeb657a63', 'd8bdfb8204fc4499bf379026f6865999', 1, '2019-08-12 09:48:59', '2019-08-05 16:51:03', 'd8bdfb8204fc4499bf379026f6865999', '2019-08-12 09:48:59', NULL, NULL, NULL, 0);
INSERT INTO `tab_notice_user` VALUES ('02d6b068b7df4b8d96c98cc1333d9ede', '4e6251f3bae5453292fe5a26f1dee2ba', '257e36116f474134a9f7b05884f9fd7a', 0, NULL, '2019-08-09 17:01:22', 'd8bdfb8204fc4499bf379026f6865999', NULL, NULL, NULL, NULL, 0);
INSERT INTO `tab_notice_user` VALUES ('09f418a2f5b8465c94f3217b6c08084c', '4e6251f3bae5453292fe5a26f1dee2ba', 'ac08af0974034eea98b97d25d60dc4fd', 0, NULL, '2019-08-09 17:01:22', 'd8bdfb8204fc4499bf379026f6865999', NULL, NULL, NULL, NULL, 0);
INSERT INTO `tab_notice_user` VALUES ('0c8c1a861e7340c7926cd644b8d9c305', '4e6251f3bae5453292fe5a26f1dee2ba', '70f997707e884d72b37a66d90b94a1f7', 0, NULL, '2019-08-09 17:01:23', 'd8bdfb8204fc4499bf379026f6865999', NULL, NULL, NULL, NULL, 0);
INSERT INTO `tab_notice_user` VALUES ('26b4d1bf16db4363b51161f210bdb498', 'e19c2dd249414b5c89f68a801d2d88ca', 'd8bdfb8204fc4499bf379026f6865999', 0, NULL, '2019-08-06 13:55:43', 'd8bdfb8204fc4499bf379026f6865999', NULL, NULL, NULL, NULL, 0);
INSERT INTO `tab_notice_user` VALUES ('36b9a7a825ee4a4fb03cd18b166bd9ac', '4e6251f3bae5453292fe5a26f1dee2ba', '675e01017bff4626934d5b326ac5aef7', 0, NULL, '2019-08-09 17:01:23', 'd8bdfb8204fc4499bf379026f6865999', NULL, NULL, NULL, NULL, 0);
INSERT INTO `tab_notice_user` VALUES ('3773be1fdb9645a0a72867e02df85d55', '4e6251f3bae5453292fe5a26f1dee2ba', 'ae74c737a9da41b39cacbf5a06b0fa2d', 0, NULL, '2019-08-09 17:01:23', 'd8bdfb8204fc4499bf379026f6865999', NULL, NULL, NULL, NULL, 0);
INSERT INTO `tab_notice_user` VALUES ('397156acec3b4d6e8b6c169d37b659b1', '4e6251f3bae5453292fe5a26f1dee2ba', '27629096f34745d48cfee73346c30fae', 0, NULL, '2019-08-09 17:01:23', 'd8bdfb8204fc4499bf379026f6865999', NULL, NULL, NULL, NULL, 0);
INSERT INTO `tab_notice_user` VALUES ('3d8594d22d524fdca57a44b39d42c887', 'fb423c551de84607ac29b0a4cda0deae', 'd8bdfb8204fc4499bf379026f6865999', 1, '2019-08-12 09:48:40', '2019-08-06 15:41:44', 'd8bdfb8204fc4499bf379026f6865999', '2019-08-12 09:48:40', NULL, NULL, NULL, 0);
INSERT INTO `tab_notice_user` VALUES ('3eea344171d542c0949e0448953e9d1f', 'caf436bcb0ff4d699149cef7e9bb57fd', 'd8bdfb8204fc4499bf379026f6865999', 0, NULL, '2019-08-06 15:40:43', 'd8bdfb8204fc4499bf379026f6865999', NULL, NULL, NULL, NULL, 0);
INSERT INTO `tab_notice_user` VALUES ('49e459c4f96c4e17894d7e113d3ab3e7', '4e6251f3bae5453292fe5a26f1dee2ba', '1255f7e0b11b464ca8aa71db7ba2e3e5', 0, NULL, '2019-08-09 17:01:23', 'd8bdfb8204fc4499bf379026f6865999', NULL, NULL, NULL, NULL, 0);
INSERT INTO `tab_notice_user` VALUES ('4db74fdf72534467bf10cbfc9bb2f1d6', '4e6251f3bae5453292fe5a26f1dee2ba', 'faf996c457c441a484fdc222cfdd1ff8', 0, NULL, '2019-08-09 17:01:22', 'd8bdfb8204fc4499bf379026f6865999', NULL, NULL, NULL, NULL, 0);
INSERT INTO `tab_notice_user` VALUES ('502f3613ebf946b7973932d70410561b', '4e6251f3bae5453292fe5a26f1dee2ba', 'f8aafe56a9cb4936a3084d977181e67b', 0, NULL, '2019-08-09 17:01:23', 'd8bdfb8204fc4499bf379026f6865999', NULL, NULL, NULL, NULL, 0);
INSERT INTO `tab_notice_user` VALUES ('529de1cdfbf74005acf7606279733a07', '4e6251f3bae5453292fe5a26f1dee2ba', '5a4c1958e3224cf1b77cdd393e1b4958', 0, NULL, '2019-08-09 17:01:23', 'd8bdfb8204fc4499bf379026f6865999', NULL, NULL, NULL, NULL, 0);
INSERT INTO `tab_notice_user` VALUES ('551fefdadd0543c5a1dd6a4141db0ef9', '7e86fb551d284ee5b9360c094b1e5a4b', 'd8bdfb8204fc4499bf379026f6865999', 0, NULL, '2019-08-06 15:41:43', 'd8bdfb8204fc4499bf379026f6865999', NULL, NULL, NULL, NULL, 0);
INSERT INTO `tab_notice_user` VALUES ('5555c68c1b40471c87c1bbd488afad05', '4e6251f3bae5453292fe5a26f1dee2ba', '446baef9ac4e4ae6bfa6b7ee621c4427', 1, '2019-08-13 15:40:28', '2019-08-09 17:01:22', 'd8bdfb8204fc4499bf379026f6865999', '2019-08-13 15:40:29', '446baef9ac4e4ae6bfa6b7ee621c4427', NULL, NULL, 0);
INSERT INTO `tab_notice_user` VALUES ('58d9ab95ee3d45759129881a9add622c', 'fdc1a24428704803bbb8cbea8231470f', 'd8bdfb8204fc4499bf379026f6865999', 0, NULL, '2019-08-06 15:41:18', 'd8bdfb8204fc4499bf379026f6865999', NULL, NULL, NULL, NULL, 0);
INSERT INTO `tab_notice_user` VALUES ('59a4566fdec443b8b89cc43a713c7e7e', '625cebfd8ab34cc9a0ba457988002ed6', 'd8bdfb8204fc4499bf379026f6865999', 0, NULL, '2019-08-05 16:52:04', 'd8bdfb8204fc4499bf379026f6865999', NULL, NULL, NULL, NULL, 0);
INSERT INTO `tab_notice_user` VALUES ('5a8b24627c4f430889d40b08dac236fa', '67500dcfc60d49af81646d2ded83b188', 'd8bdfb8204fc4499bf379026f6865999', 0, NULL, '2019-08-06 13:53:35', 'd8bdfb8204fc4499bf379026f6865999', NULL, NULL, NULL, NULL, 0);
INSERT INTO `tab_notice_user` VALUES ('5bf179624fb7448b9c437fa3fa3a9c19', '4e6251f3bae5453292fe5a26f1dee2ba', '91ff8bd593404a5fbfea3a78e41c9013', 0, NULL, '2019-08-09 17:01:23', 'd8bdfb8204fc4499bf379026f6865999', NULL, NULL, NULL, NULL, 0);
INSERT INTO `tab_notice_user` VALUES ('5f48bb8e0c9044a58f622d21d0ef7120', 'e63bb95f8d9f11e9a79000ffeb657a63', 'd8bdfb8204fc4499bf379026f6865999', 1, '2019-08-14 14:28:08', '2019-08-01 10:44:53', 'd8bdfb8204fc4499bf379026f6865999', '2019-08-14 14:28:09', 'd8bdfb8204fc4499bf379026f6865999', NULL, NULL, 0);
INSERT INTO `tab_notice_user` VALUES ('5fcb2c627d77439dbb02814dd39840db', 'e07038b32f254388954d79ecbf432cac', 'd8bdfb8204fc4499bf379026f6865999', 0, NULL, '2019-08-06 15:40:41', 'd8bdfb8204fc4499bf379026f6865999', NULL, NULL, NULL, NULL, 0);
INSERT INTO `tab_notice_user` VALUES ('67ca2525e56148a7ba9da5d84449d3c3', '76296053a78844e79eebaf29f70a7dbb', 'd8bdfb8204fc4499bf379026f6865999', 0, NULL, '2019-08-06 13:54:50', 'd8bdfb8204fc4499bf379026f6865999', NULL, NULL, NULL, NULL, 0);
INSERT INTO `tab_notice_user` VALUES ('68992cf479f64c17bc4d2b8827529927', '4e6251f3bae5453292fe5a26f1dee2ba', '359a1b43df3f43068872551c3195cd1b', 0, NULL, '2019-08-09 17:01:23', 'd8bdfb8204fc4499bf379026f6865999', NULL, NULL, NULL, NULL, 0);
INSERT INTO `tab_notice_user` VALUES ('70880b2ca16f40fa988bc2e111456f6c', '4e6251f3bae5453292fe5a26f1dee2ba', 'a38b75afec8342fb81e6f3eae597c501', 0, NULL, '2019-08-09 17:01:23', 'd8bdfb8204fc4499bf379026f6865999', NULL, NULL, NULL, NULL, 0);
INSERT INTO `tab_notice_user` VALUES ('78f7bf8def75465d8a0dafb080262044', '9adb3af905424e30b41b2f6bac97697e', 'd8bdfb8204fc4499bf379026f6865999', 0, NULL, '2019-08-06 15:41:19', 'd8bdfb8204fc4499bf379026f6865999', NULL, NULL, NULL, NULL, 0);
INSERT INTO `tab_notice_user` VALUES ('7d5045df76334207ab8b72ac4e5455d7', '4e6251f3bae5453292fe5a26f1dee2ba', 'cfc96dcd95fd45baa5c1fbd383458cc3', 0, NULL, '2019-08-09 17:01:23', 'd8bdfb8204fc4499bf379026f6865999', NULL, NULL, NULL, NULL, 0);
INSERT INTO `tab_notice_user` VALUES ('80f5e89c4fa54f70a39ea00087003dd2', '994ba290d3294307beffd5d5254c01b3', 'd8bdfb8204fc4499bf379026f6865999', 0, NULL, '2019-08-06 13:54:03', 'd8bdfb8204fc4499bf379026f6865999', NULL, NULL, NULL, NULL, 0);
INSERT INTO `tab_notice_user` VALUES ('89768850760d47fd9f58966b398b5f5f', '4e6251f3bae5453292fe5a26f1dee2ba', 'f8621d1147a042319643f9351dad9bbe', 0, NULL, '2019-08-09 17:01:23', 'd8bdfb8204fc4499bf379026f6865999', NULL, NULL, NULL, NULL, 0);
INSERT INTO `tab_notice_user` VALUES ('8af7c4e548bf412682bb7f34602b5320', '4e6251f3bae5453292fe5a26f1dee2ba', 'e68f29952b8440e8af864bfff6259d71', 0, NULL, '2019-08-09 17:01:23', 'd8bdfb8204fc4499bf379026f6865999', NULL, NULL, NULL, NULL, 0);
INSERT INTO `tab_notice_user` VALUES ('8e429710d8044335868d5dc86b1fb0ed', '4a5a7d5ed6fa4693bc3e4bb149e1ec8f', 'd8bdfb8204fc4499bf379026f6865999', 0, NULL, '2019-08-06 15:40:43', 'd8bdfb8204fc4499bf379026f6865999', NULL, NULL, NULL, NULL, 0);
INSERT INTO `tab_notice_user` VALUES ('962828734dcb47a19bc1476603f33c2e', 'de80b2931ab642fbb10e8b963ff199be', 'd8bdfb8204fc4499bf379026f6865999', 0, NULL, '2019-08-06 13:55:23', 'd8bdfb8204fc4499bf379026f6865999', NULL, NULL, NULL, NULL, 0);
INSERT INTO `tab_notice_user` VALUES ('9c35e2466c654890b64424bf8d8e35c7', '4e6251f3bae5453292fe5a26f1dee2ba', '64656adfc7df4649ba69aa2ed955c464', 0, NULL, '2019-08-09 17:01:23', 'd8bdfb8204fc4499bf379026f6865999', NULL, NULL, NULL, NULL, 0);
INSERT INTO `tab_notice_user` VALUES ('9e3e8f5fefda45898bf20a66b13336ff', '75035aac848641009596904c25e8bdd8', 'd8bdfb8204fc4499bf379026f6865999', 1, '2019-08-13 15:34:36', '2019-08-06 15:41:42', 'd8bdfb8204fc4499bf379026f6865999', '2019-08-13 15:34:36', 'd8bdfb8204fc4499bf379026f6865999', NULL, NULL, 0);
INSERT INTO `tab_notice_user` VALUES ('a155182d56944ad7b457bf7865e46829', '79884fd60c1c4423a458a5bc966a279b', 'd8bdfb8204fc4499bf379026f6865999', 0, NULL, '2019-08-06 15:41:20', 'd8bdfb8204fc4499bf379026f6865999', NULL, NULL, NULL, NULL, 0);
INSERT INTO `tab_notice_user` VALUES ('a2b8f0678aee4213af43bfe8776a4e58', '4e6251f3bae5453292fe5a26f1dee2ba', '48a09568adf040398d7fafc128025200', 0, NULL, '2019-08-09 17:01:22', 'd8bdfb8204fc4499bf379026f6865999', NULL, NULL, NULL, NULL, 0);
INSERT INTO `tab_notice_user` VALUES ('a30dbe2ea5d747d680b82181a9ba81d0', '0710e3ff7671427f9e8dd58d34789b26', 'd8bdfb8204fc4499bf379026f6865999', 0, NULL, '2019-08-06 13:52:55', 'd8bdfb8204fc4499bf379026f6865999', NULL, NULL, NULL, NULL, 0);
INSERT INTO `tab_notice_user` VALUES ('a691aa4d96ba4765b00ff7542ac24514', '4e6251f3bae5453292fe5a26f1dee2ba', '60cfda4239d246908616b5fa692c9047', 0, NULL, '2019-08-09 17:01:23', 'd8bdfb8204fc4499bf379026f6865999', NULL, NULL, NULL, NULL, 0);
INSERT INTO `tab_notice_user` VALUES ('abb56bf82fd94bca9edc8f1b96699bac', '4e6251f3bae5453292fe5a26f1dee2ba', '5695b8a776d843698c4042e94c9781d0', 0, NULL, '2019-08-09 17:01:23', 'd8bdfb8204fc4499bf379026f6865999', NULL, NULL, NULL, NULL, 0);
INSERT INTO `tab_notice_user` VALUES ('aea79c84bee94daa8b88ec505d013124', '4e6251f3bae5453292fe5a26f1dee2ba', 'e04f9bbe7b8f4e71bab369d96cefaf39', 0, NULL, '2019-08-09 17:01:23', 'd8bdfb8204fc4499bf379026f6865999', NULL, NULL, NULL, NULL, 0);
INSERT INTO `tab_notice_user` VALUES ('b178da463d3d48e5b7e28e0e5ff28eb9', '4e6251f3bae5453292fe5a26f1dee2ba', 'd1fd68f0f565489eba40ac4a8ec3d4dc', 0, NULL, '2019-08-09 17:01:22', 'd8bdfb8204fc4499bf379026f6865999', NULL, NULL, NULL, NULL, 0);
INSERT INTO `tab_notice_user` VALUES ('b3bbb59a676c4288b4f599cd0b676b6b', '84248527d8464b8b86fad620768d05d1', 'd8bdfb8204fc4499bf379026f6865999', 0, NULL, '2019-08-06 15:40:42', 'd8bdfb8204fc4499bf379026f6865999', NULL, NULL, NULL, NULL, 0);
INSERT INTO `tab_notice_user` VALUES ('b686fbea2ba945d1a4738d29d22ac0d4', '4e6251f3bae5453292fe5a26f1dee2ba', '2211588f3f8540daa77a2fda34645028', 0, NULL, '2019-08-09 17:01:22', 'd8bdfb8204fc4499bf379026f6865999', NULL, NULL, NULL, NULL, 0);
INSERT INTO `tab_notice_user` VALUES ('ba6a87cd11b941ef9a45a6790b36b82c', 'bd3f9afa51dc402b91e576ca90f2866c', 'd8bdfb8204fc4499bf379026f6865999', 0, NULL, '2019-08-06 13:55:09', 'd8bdfb8204fc4499bf379026f6865999', NULL, NULL, NULL, NULL, 0);
INSERT INTO `tab_notice_user` VALUES ('bf2ac306a8e34312b415a60852544eb7', '4e6251f3bae5453292fe5a26f1dee2ba', '1f077d3d02904a689ac374efed5e438d', 0, NULL, '2019-08-09 17:01:23', 'd8bdfb8204fc4499bf379026f6865999', NULL, NULL, NULL, NULL, 0);
INSERT INTO `tab_notice_user` VALUES ('c4159587081d469ea6e5c29a747957f4', '276a03c2924411e9852f00ffeb657a63', 'd1fd68f0f565489eba40ac4a8ec3d4dc', 0, NULL, '2019-08-05 16:51:03', 'd8bdfb8204fc4499bf379026f6865999', NULL, NULL, NULL, NULL, 0);
INSERT INTO `tab_notice_user` VALUES ('c506ffa92e0c4a3aac779ebe1df517df', '0cc4a439cc5c4d99934be25db55cfb21', 'd8bdfb8204fc4499bf379026f6865999', 0, NULL, '2019-08-06 13:54:28', 'd8bdfb8204fc4499bf379026f6865999', NULL, NULL, NULL, NULL, 0);
INSERT INTO `tab_notice_user` VALUES ('c51c50c57e064444a7c333cbd616c4bd', '4e6251f3bae5453292fe5a26f1dee2ba', 'd8bdfb8204fc4499bf379026f6865999', 1, '2019-08-12 09:33:24', '2019-08-09 17:01:23', 'd8bdfb8204fc4499bf379026f6865999', '2019-08-12 09:33:25', NULL, NULL, NULL, 0);
INSERT INTO `tab_notice_user` VALUES ('d4a0a62838b547b78345e78a296dc39c', '4e6251f3bae5453292fe5a26f1dee2ba', '9f7a7d37caf446df81825c26c577db1d', 0, NULL, '2019-08-09 17:01:23', 'd8bdfb8204fc4499bf379026f6865999', NULL, NULL, NULL, NULL, 0);
INSERT INTO `tab_notice_user` VALUES ('d5e7db96c52a4a6491088c4c49fe25d2', '4e6251f3bae5453292fe5a26f1dee2ba', 'c19c869c81b54657b6a5496c5b2e113e', 0, NULL, '2019-08-09 17:01:23', 'd8bdfb8204fc4499bf379026f6865999', NULL, NULL, NULL, NULL, 0);
INSERT INTO `tab_notice_user` VALUES ('d72220c69e7d46e99308750f633ccecf', '01833bc0cf064a58b8f39539792e52be', 'd8bdfb8204fc4499bf379026f6865999', 0, NULL, '2019-08-06 15:41:18', 'd8bdfb8204fc4499bf379026f6865999', NULL, NULL, NULL, NULL, 0);
INSERT INTO `tab_notice_user` VALUES ('d78674a388a74fbf9eb48fc400e9df93', '4e6251f3bae5453292fe5a26f1dee2ba', 'f14eb62eb8e04cb19607de0ab67d51df', 0, NULL, '2019-08-09 17:01:23', 'd8bdfb8204fc4499bf379026f6865999', NULL, NULL, NULL, NULL, 0);
INSERT INTO `tab_notice_user` VALUES ('e5258dabee0f49a1b2ff6474a307d399', 'b345bc263dde43458dfc45e800d03128', 'd8bdfb8204fc4499bf379026f6865999', 1, '2019-08-12 09:46:50', '2019-08-06 15:41:45', 'd8bdfb8204fc4499bf379026f6865999', '2019-08-12 09:46:50', NULL, NULL, NULL, 0);
INSERT INTO `tab_notice_user` VALUES ('ee138304e3004681a915b414b3714388', '4e6251f3bae5453292fe5a26f1dee2ba', '8a4ff0922af24964baa455d62cb2ef36', 0, NULL, '2019-08-09 17:01:22', 'd8bdfb8204fc4499bf379026f6865999', NULL, NULL, NULL, NULL, 0);
INSERT INTO `tab_notice_user` VALUES ('f0d7b718fc8340f6a64d8e5698e570fe', 'd90456296280469f8129813460a98859', 'd8bdfb8204fc4499bf379026f6865999', 0, NULL, '2019-08-06 15:40:40', 'd8bdfb8204fc4499bf379026f6865999', NULL, NULL, NULL, NULL, 0);
INSERT INTO `tab_notice_user` VALUES ('fcc7cc9a0df74aa6b16c2a438ebdc20b', '4e6251f3bae5453292fe5a26f1dee2ba', 'd664ed2baf414ec785dffd0ebbc77e2a', 0, NULL, '2019-08-09 17:01:23', 'd8bdfb8204fc4499bf379026f6865999', NULL, NULL, NULL, NULL, 0);

-- ----------------------------
-- Table structure for tab_sys_settings
-- ----------------------------
DROP TABLE IF EXISTS `tab_sys_settings`;
CREATE TABLE `tab_sys_settings`  (
  `Id` varchar(32) CHARACTER SET utf8 COLLATE utf8_general_ci NOT NULL COMMENT '主键',
  `name` varchar(100) CHARACTER SET utf8 COLLATE utf8_general_ci NULL DEFAULT NULL COMMENT '设置名称',
  `code` varchar(100) CHARACTER SET utf8 COLLATE utf8_general_ci NULL DEFAULT NULL COMMENT '设置代码',
  `value` text CHARACTER SET utf8 COLLATE utf8_general_ci NULL COMMENT '设置值',
  `optionValues` text CHARACTER SET utf8 COLLATE utf8_general_ci NULL COMMENT '可选值Json字符串',
  `displayMode` varchar(50) CHARACTER SET utf8 COLLATE utf8_general_ci NULL DEFAULT NULL COMMENT '显示方式',
  `type` varchar(100) CHARACTER SET utf8 COLLATE utf8_general_ci NULL DEFAULT NULL COMMENT '分类',
  `sortNo` int(11) NULL DEFAULT NULL COMMENT '排序',
  `description` varchar(200) CHARACTER SET utf8 COLLATE utf8_general_ci NULL DEFAULT NULL COMMENT '描述',
  `createTime` datetime(0) NULL DEFAULT NULL COMMENT '创建时间',
  `createUid` varchar(32) CHARACTER SET utf8 COLLATE utf8_general_ci NULL DEFAULT NULL COMMENT '创建人',
  `modifyTime` datetime(0) NULL DEFAULT NULL COMMENT '修改时间',
  `modifyUid` varchar(32) CHARACTER SET utf8 COLLATE utf8_general_ci NULL DEFAULT NULL COMMENT '修改人',
  `deleteTime` datetime(0) NULL DEFAULT NULL COMMENT '删除时间',
  `deleteUid` varchar(32) CHARACTER SET utf8 COLLATE utf8_general_ci NULL DEFAULT NULL COMMENT '删除人',
  `isDeleted` tinyint(4) NULL DEFAULT 0 COMMENT '是否删除',
  PRIMARY KEY (`Id`) USING BTREE
) ENGINE = InnoDB CHARACTER SET = utf8 COLLATE = utf8_general_ci COMMENT = '系统设置表' ROW_FORMAT = Dynamic;

-- ----------------------------
-- Records of tab_sys_settings
-- ----------------------------
INSERT INTO `tab_sys_settings` VALUES ('19791f5c972b11e9b37e00ffeb657a63', '应用AgentId', 'DINGTALK_AGENTID', '279848868', NULL, 'text', 'DINGTALK', 4, '钉钉应用的AgentId，在《钉钉开放平台》中的”应用开发“的对应的应用详细中查看。', '2019-06-25 17:25:20', NULL, '2019-07-17 09:35:14', NULL, NULL, NULL, 0);
INSERT INTO `tab_sys_settings` VALUES ('4ced18daa6b411e9bda800ffeb657a63', 'Checkbox', 'Checkbox', '1,2', '[{\"label\":\"是\",\"value\":\"1\"},{\"label\":\"否\",\"value\":\"2\"}]', 'checkbox', 'SYSTEM', 1, NULL, NULL, NULL, '2019-07-17 17:36:51', NULL, NULL, NULL, 0);
INSERT INTO `tab_sys_settings` VALUES ('629b066b971411e9b37e00ffeb657a63', '是否同步通讯录', 'IS_SYNC_DINGTALK_STRUCTURE', 'true', '[{\"label\":\"是\",\"value\":\"true\"},{\"label\":\"否\",\"value\":\"false\"}]', 'radio', 'DINGTALK', 8, NULL, '2019-06-25 14:46:41', NULL, '2019-07-17 14:32:52', NULL, NULL, NULL, 0);
INSERT INTO `tab_sys_settings` VALUES ('6601ae86972a11e9b37e00ffeb657a63', 'SsoSecret', 'DINGTALK_SSOSECRET', '-7URlZfxYornRHuQ0xb8iAYab_s3FvCqSHHCOJUlPO4i75X9oLs_SYYyHJf5Df9a', NULL, 'text', 'DINGTALK', 5, NULL, '2019-06-25 17:21:35', NULL, NULL, NULL, NULL, NULL, 0);
INSERT INTO `tab_sys_settings` VALUES ('804771a7a1ef11e984e81c1b0d8ffa9f', '扫码登录Id', 'DINGTALK_QRCODE_ID', 'dingoahwjazjqdmlt2gs5k', NULL, 'text', 'DINGTALK', 6, NULL, '2019-07-09 10:16:54', NULL, '2019-07-17 08:58:50', NULL, NULL, NULL, 0);
INSERT INTO `tab_sys_settings` VALUES ('a1ddeeb5a1ef11e984e81c1b0d8ffa9f', '扫码登录Secret', 'DINGTALK_QRCODE_SECRET', 'Oai7X5wIGZsJnA34fxzB8Tm-sUDaj9xAmq7V9m2Mzd00Jdk6WPWyBGh0QUdMfBmW', NULL, 'text', 'DINGTALK', 7, NULL, '2019-07-09 10:17:35', NULL, NULL, NULL, NULL, NULL, 0);
INSERT INTO `tab_sys_settings` VALUES ('a762b865972a11e9b37e00ffeb657a63', 'CorpId', 'DINGTALK_CORPID', 'ding88b58049aa34141835c2f4657eb6378f', NULL, 'text', 'DINGTALK', 1, NULL, '2019-06-25 17:22:38', NULL, '2019-07-17 17:22:58', NULL, NULL, NULL, 0);
INSERT INTO `tab_sys_settings` VALUES ('d63b4eca972a11e9b37e00ffeb657a63', 'AppKey', 'DINGTALK_APPKEY', 'dingseysye0k8lvdiuqg', NULL, 'text', 'DINGTALK', 2, NULL, '2019-06-25 17:24:29', NULL, NULL, NULL, NULL, NULL, 0);
INSERT INTO `tab_sys_settings` VALUES ('f8e103e1972a11e9b37e00ffeb657a63', 'AppSecret', 'DINGTALK_APPSECRET', 'Y5vlJSvT7N1vBGxIeq5EfyrIcGOOX4g9ya8Ip1SfpGgRzTNfiGossxKrkx6xzYsn', NULL, 'text', 'DINGTALK', 3, NULL, '2019-06-25 17:24:33', NULL, NULL, NULL, NULL, NULL, 0);

-- ----------------------------
-- Table structure for tab_user
-- ----------------------------
DROP TABLE IF EXISTS `tab_user`;
CREATE TABLE `tab_user`  (
  `id` varchar(32) CHARACTER SET utf8 COLLATE utf8_general_ci NOT NULL COMMENT '主键',
  `name` varchar(50) CHARACTER SET utf8 COLLATE utf8_general_ci NULL DEFAULT NULL COMMENT '姓名',
  `mobile` varchar(20) CHARACTER SET utf8 COLLATE utf8_general_ci NULL DEFAULT NULL COMMENT '手机号',
  `tel` varchar(20) CHARACTER SET utf8 COLLATE utf8_general_ci NULL DEFAULT NULL COMMENT '电话号',
  `email` varchar(100) CHARACTER SET utf8 COLLATE utf8_general_ci NULL DEFAULT NULL COMMENT '邮箱',
  `avatar` varchar(500) CHARACTER SET utf8 COLLATE utf8_general_ci NULL DEFAULT NULL COMMENT '头像',
  `position` varchar(50) CHARACTER SET utf8 COLLATE utf8_general_ci NULL DEFAULT NULL COMMENT '职位',
  `ddUserId` varchar(50) CHARACTER SET utf8 COLLATE utf8_general_ci NULL DEFAULT NULL COMMENT '钉钉用户ID',
  `openid` varchar(128) CHARACTER SET utf8 COLLATE utf8_general_ci NULL DEFAULT NULL COMMENT 'openid',
  `unionid` varchar(128) CHARACTER SET utf8 COLLATE utf8_general_ci NULL DEFAULT NULL COMMENT 'unionid',
  `type` int(11) NULL DEFAULT NULL COMMENT '用户类型：1、主管理员；2、子管理员；99、普通用户',
  `json` text CHARACTER SET utf8 COLLATE utf8_general_ci NULL COMMENT 'Json',
  `createTime` datetime(0) NULL DEFAULT NULL COMMENT '创建时间',
  `createUid` varchar(32) CHARACTER SET utf8 COLLATE utf8_general_ci NULL DEFAULT NULL COMMENT '创建人',
  `modifyTime` datetime(0) NULL DEFAULT NULL COMMENT '修改时间',
  `modifyUid` varchar(32) CHARACTER SET utf8 COLLATE utf8_general_ci NULL DEFAULT NULL COMMENT '修改人',
  `deleteTime` datetime(0) NULL DEFAULT NULL COMMENT '删除时间',
  `deleteUid` varchar(32) CHARACTER SET utf8 COLLATE utf8_general_ci NULL DEFAULT NULL COMMENT '删除人',
  `isDeleted` tinyint(4) NULL DEFAULT 0 COMMENT '是否删除',
  PRIMARY KEY (`id`) USING BTREE
) ENGINE = InnoDB CHARACTER SET = utf8 COLLATE = utf8_general_ci COMMENT = '用户表' ROW_FORMAT = Dynamic;

-- ----------------------------
-- Records of tab_user
-- ----------------------------
INSERT INTO `tab_user` VALUES ('1255f7e0b11b464ca8aa71db7ba2e3e5', '刘远宁', '18211186797', '', '', '', '', '181668580621361469', 'bvii7JHP8vssqgCiS5oC92UwiEiE', 'bvii7JHP8vssqgCiS5oC92UwiEiE', 99, '{\"errcode\":0,\"unionid\":\"bvii7JHP8vssqgCiS5oC92UwiEiE\",\"openId\":\"bvii7JHP8vssqgCiS5oC92UwiEiE\",\"remark\":\"\",\"userid\":\"181668580621361469\",\"isLeaderInDepts\":\"{1:false}\",\"isBoss\":false,\"isSenior\":false,\"tel\":\"\",\"department\":[1],\"workPlace\":\"\",\"email\":\"\",\"orderInDepts\":\"{1:176377879523572512}\",\"mobile\":\"18211186797\",\"errmsg\":\"ok\",\"active\":true,\"avatar\":\"\",\"isAdmin\":false,\"tags\":{},\"isHide\":false,\"jobnumber\":\"\",\"name\":\"刘远宁\",\"extattr\":{},\"stateCode\":\"86\",\"position\":\"\"}', '2019-07-03 10:10:58', NULL, '2019-07-09 10:04:19', NULL, NULL, NULL, 0);
INSERT INTO `tab_user` VALUES ('1f077d3d02904a689ac374efed5e438d', '王迪', '18201455633', NULL, NULL, 'https://static-legacy.dingtalk.com/media/lADPDgQ9qv9JF-XNC0XNC0A_2880_2885.jpg', NULL, '0458483102953791', 'xjWfkRdA0osrctiSxIJZhbgiEiE', 'xjWfkRdA0osrctiSxIJZhbgiEiE', 99, '{\"errcode\":0,\"unionid\":\"xjWfkRdA0osrctiSxIJZhbgiEiE\",\"openId\":\"xjWfkRdA0osrctiSxIJZhbgiEiE\",\"userid\":\"0458483102953791\",\"isLeaderInDepts\":\"{1:false}\",\"isBoss\":false,\"isSenior\":false,\"department\":[1],\"orderInDepts\":\"{1:176371989601805512}\",\"mobile\":\"18201455633\",\"errmsg\":\"ok\",\"active\":true,\"avatar\":\"https://static-legacy.dingtalk.com/media/lADPDgQ9qv9JF-XNC0XNC0A_2880_2885.jpg\",\"isAdmin\":false,\"isHide\":false,\"name\":\"王迪\",\"extattr\":{},\"stateCode\":\"86\"}', '2019-07-03 10:10:57', NULL, '2019-07-09 10:04:17', NULL, NULL, NULL, 0);
INSERT INTO `tab_user` VALUES ('2211588f3f8540daa77a2fda34645028', '李婷', '13522086112', '', '', '', '', '0607041146842985', 'c4TmFQHlii6cqgCiS5oC92UwiEiE', 'c4TmFQHlii6cqgCiS5oC92UwiEiE', 99, '{\"errcode\":0,\"unionid\":\"c4TmFQHlii6cqgCiS5oC92UwiEiE\",\"openId\":\"c4TmFQHlii6cqgCiS5oC92UwiEiE\",\"remark\":\"1\",\"userid\":\"0607041146842985\",\"isLeaderInDepts\":\"{1:false}\",\"isBoss\":false,\"isSenior\":false,\"tel\":\"\",\"department\":[1],\"workPlace\":\"\",\"email\":\"\",\"orderInDepts\":\"{1:176377882732913512}\",\"mobile\":\"13522086112\",\"errmsg\":\"ok\",\"active\":true,\"avatar\":\"\",\"isAdmin\":false,\"tags\":{},\"isHide\":false,\"jobnumber\":\"\",\"name\":\"李婷\",\"extattr\":{},\"stateCode\":\"86\",\"position\":\"\"}', '2019-07-03 10:10:58', NULL, '2019-07-09 10:04:18', NULL, NULL, NULL, 0);
INSERT INTO `tab_user` VALUES ('257e36116f474134a9f7b05884f9fd7a', '陈川&美办公', '13901116828', '', '', 'https://static-legacy.dingtalk.com/media/lADPBbCc1TBK3MnNAizNAiw_556_556.jpg', '董事长', '0216342027-1636259125', 'JUsYKEwM3vo0u4woljA64wiEiE', 'JUsYKEwM3vo0u4woljA64wiEiE', 2, '{\"errcode\":0,\"unionid\":\"JUsYKEwM3vo0u4woljA64wiEiE\",\"openId\":\"JUsYKEwM3vo0u4woljA64wiEiE\",\"roles\":[{\"id\":304176189,\"name\":\"负责人\",\"groupName\":\"默认\",\"type\":103},{\"id\":304176188,\"name\":\"子管理员\",\"groupName\":\"默认\",\"type\":102}],\"remark\":\"1\",\"userid\":\"0216342027-1636259125\",\"isLeaderInDepts\":\"{1:false}\",\"isBoss\":true,\"isSenior\":false,\"tel\":\"\",\"department\":[1],\"workPlace\":\"\",\"email\":\"\",\"orderInDepts\":\"{1:176388670976196512}\",\"mobile\":\"13901116828\",\"errmsg\":\"ok\",\"active\":true,\"avatar\":\"https://static-legacy.dingtalk.com/media/lADPBbCc1TBK3MnNAizNAiw_556_556.jpg\",\"isAdmin\":true,\"tags\":{},\"isHide\":false,\"jobnumber\":\"\",\"name\":\"陈川&美办公\",\"extattr\":{},\"stateCode\":\"86\",\"position\":\"董事长\"}', '2019-07-03 10:10:57', NULL, '2019-07-09 10:04:17', NULL, NULL, NULL, 0);
INSERT INTO `tab_user` VALUES ('27629096f34745d48cfee73346c30fae', '测试22', '13120000000', '010-00558520', 'abc@123.com', '', '测试员', '0519481027997576', 'QUgYg0QyvGUiE', 'QUgYg0QyvGUiE', 99, '{\"errcode\":0,\"unionid\":\"QUgYg0QyvGUiE\",\"openId\":\"QUgYg0QyvGUiE\",\"remark\":\"1\",\"userid\":\"0519481027997576\",\"isLeaderInDepts\":\"{83661050:false,117511704:false}\",\"isBoss\":false,\"isSenior\":false,\"tel\":\"010-00558520\",\"department\":[117511704,83661050],\"workPlace\":\"北京\",\"email\":\"abc@123.com\",\"orderInDepts\":\"{117511704:176357990132477512,83661050:176360166982566512}\",\"mobile\":\"13120000000\",\"errmsg\":\"ok\",\"active\":true,\"avatar\":\"\",\"isAdmin\":false,\"tags\":{},\"isHide\":false,\"jobnumber\":\"001\",\"name\":\"测试22\",\"extattr\":{\"职级\":\"1\"},\"stateCode\":\"86\",\"position\":\"测试员\"}', '2019-07-03 10:10:59', NULL, '2019-07-09 10:04:22', NULL, NULL, NULL, 0);
INSERT INTO `tab_user` VALUES ('359a1b43df3f43068872551c3195cd1b', '徐伟传', '13301226669', NULL, NULL, 'https://static-legacy.dingtalk.com/media/lADPDgQ9qrayNnrNAWbNAWY_358_358.jpg', NULL, '031820486824158065', 'iPJIGALc3C1E0u4woljA64wiEiE', 'iPJIGALc3C1E0u4woljA64wiEiE', 99, '{\"errcode\":0,\"unionid\":\"iPJIGALc3C1E0u4woljA64wiEiE\",\"openId\":\"iPJIGALc3C1E0u4woljA64wiEiE\",\"userid\":\"031820486824158065\",\"isLeaderInDepts\":\"{1:false}\",\"isBoss\":false,\"isSenior\":false,\"department\":[1],\"orderInDepts\":\"{1:176358524100084512}\",\"mobile\":\"13301226669\",\"errmsg\":\"ok\",\"active\":true,\"avatar\":\"https://static-legacy.dingtalk.com/media/lADPDgQ9qrayNnrNAWbNAWY_358_358.jpg\",\"isAdmin\":false,\"tags\":{},\"isHide\":false,\"name\":\"徐伟传\",\"stateCode\":\"86\"}', '2019-07-03 10:10:56', NULL, '2019-07-09 10:04:16', NULL, NULL, NULL, 0);
INSERT INTO `tab_user` VALUES ('446baef9ac4e4ae6bfa6b7ee621c4427', '马延君', '18611083618', '', '1234@qq.com', 'https://static-legacy.dingtalk.com/media/lADPDgQ9qg4yy0HNAljNA4M_899_600.jpg', 'aaa', '043240373138765393', 'SiiETqPiPTiSRMquoHz28TetAiEiE', 'SiiETqPiPTiSRMquoHz28TetAiEiE', 99, '{\"errcode\":0,\"unionid\":\"SiiETqPiPTiSRMquoHz28TetAiEiE\",\"openId\":\"SiiETqPiPTiSRMquoHz28TetAiEiE\",\"remark\":\"1\",\"userid\":\"043240373138765393\",\"isLeaderInDepts\":\"{1:false}\",\"isBoss\":false,\"isSenior\":false,\"tel\":\"\",\"department\":[1],\"workPlace\":\"\",\"email\":\"1234@qq.com\",\"orderInDepts\":\"{1:176378536045783512}\",\"mobile\":\"18611083618\",\"errmsg\":\"ok\",\"active\":true,\"avatar\":\"https://static-legacy.dingtalk.com/media/lADPDgQ9qg4yy0HNAljNA4M_899_600.jpg\",\"isAdmin\":false,\"tags\":{},\"isHide\":false,\"jobnumber\":\"\",\"name\":\"马延君\",\"extattr\":{},\"stateCode\":\"86\",\"position\":\"aaa\"}', '2019-07-03 10:10:58', NULL, '2019-07-09 10:04:19', NULL, NULL, NULL, 0);
INSERT INTO `tab_user` VALUES ('48a09568adf040398d7fafc128025200', '刘永瑞', '13601193550', '', '', 'https://static-legacy.dingtalk.com/media/lADPBbCc1Y1IkvvNA6LNBNc_1239_930.jpg', '', '086202263321084990', '9g13dhYhXG93NW1dVmcHjwiEiE', '9g13dhYhXG93NW1dVmcHjwiEiE', 99, '{\"errcode\":0,\"unionid\":\"9g13dhYhXG93NW1dVmcHjwiEiE\",\"openId\":\"9g13dhYhXG93NW1dVmcHjwiEiE\",\"remark\":\"1\",\"userid\":\"086202263321084990\",\"isLeaderInDepts\":\"{1:false}\",\"isBoss\":false,\"isSenior\":false,\"tel\":\"\",\"department\":[1],\"workPlace\":\"\",\"email\":\"\",\"orderInDepts\":\"{1:176387534488154512}\",\"mobile\":\"13601193550\",\"errmsg\":\"ok\",\"active\":true,\"avatar\":\"https://static-legacy.dingtalk.com/media/lADPBbCc1Y1IkvvNA6LNBNc_1239_930.jpg\",\"isAdmin\":false,\"isHide\":false,\"jobnumber\":\"\",\"name\":\"刘永瑞\",\"extattr\":{},\"stateCode\":\"86\",\"position\":\"\"}', '2019-07-03 10:10:56', NULL, '2019-07-09 10:04:17', NULL, NULL, NULL, 0);
INSERT INTO `tab_user` VALUES ('5695b8a776d843698c4042e94c9781d0', '测试4', '13140000000', '', '', '', '', '055924482127997578', 'LBAAd755TxEquoHz28TetAiEiE', 'LBAAd755TxEquoHz28TetAiEiE', 99, '{\"errcode\":0,\"unionid\":\"LBAAd755TxEquoHz28TetAiEiE\",\"openId\":\"LBAAd755TxEquoHz28TetAiEiE\",\"remark\":\"\",\"userid\":\"055924482127997578\",\"isLeaderInDepts\":\"{83458079:false}\",\"isBoss\":false,\"isSenior\":false,\"tel\":\"\",\"department\":[83458079],\"workPlace\":\"\",\"email\":\"\",\"orderInDepts\":\"{83458079:176360166935708512}\",\"mobile\":\"13140000000\",\"errmsg\":\"ok\",\"active\":true,\"avatar\":\"\",\"isAdmin\":false,\"tags\":{},\"isHide\":false,\"jobnumber\":\"\",\"name\":\"测试4\",\"extattr\":{},\"stateCode\":\"86\",\"position\":\"\"}', '2019-07-03 10:11:01', NULL, '2019-07-09 10:04:21', NULL, NULL, NULL, 0);
INSERT INTO `tab_user` VALUES ('5a4c1958e3224cf1b77cdd393e1b4958', '星光。张总', '15010969930', '', '', '', '', '0539002622-993683117', 'Q6fmFhIwK2srctiSxIJZhbgiEiE', 'Q6fmFhIwK2srctiSxIJZhbgiEiE', 99, '{\"errcode\":0,\"unionid\":\"Q6fmFhIwK2srctiSxIJZhbgiEiE\",\"openId\":\"Q6fmFhIwK2srctiSxIJZhbgiEiE\",\"remark\":\"\",\"userid\":\"0539002622-993683117\",\"isLeaderInDepts\":\"{1:false}\",\"isBoss\":false,\"isSenior\":false,\"tel\":\"\",\"department\":[1],\"workPlace\":\"\",\"email\":\"\",\"orderInDepts\":\"{1:176377710357457512}\",\"mobile\":\"15010969930\",\"errmsg\":\"ok\",\"active\":true,\"avatar\":\"\",\"isAdmin\":false,\"tags\":{},\"isHide\":false,\"jobnumber\":\"\",\"name\":\"星光。张总\",\"extattr\":{},\"stateCode\":\"86\",\"position\":\"\"}', '2019-07-03 10:10:57', NULL, '2019-07-09 10:04:17', NULL, NULL, NULL, 0);
INSERT INTO `tab_user` VALUES ('60cfda4239d246908616b5fa692c9047', '葛元青', '13811500269', '', '', '', '', '063604043333245194', '6SkC4HrViPbx3NW1dVmcHjwiEiE', '6SkC4HrViPbx3NW1dVmcHjwiEiE', 99, '{\"errcode\":0,\"unionid\":\"6SkC4HrViPbx3NW1dVmcHjwiEiE\",\"openId\":\"6SkC4HrViPbx3NW1dVmcHjwiEiE\",\"remark\":\"1\",\"userid\":\"063604043333245194\",\"isLeaderInDepts\":\"{1:false}\",\"isBoss\":false,\"isSenior\":false,\"tel\":\"\",\"department\":[1],\"workPlace\":\"\",\"email\":\"\",\"orderInDepts\":\"{1:176377776876840512}\",\"mobile\":\"13811500269\",\"errmsg\":\"ok\",\"active\":true,\"avatar\":\"\",\"isAdmin\":false,\"tags\":{},\"isHide\":false,\"jobnumber\":\"\",\"name\":\"葛元青\",\"extattr\":{},\"stateCode\":\"86\",\"position\":\"\"}', '2019-07-03 10:10:57', NULL, '2019-07-09 10:04:18', NULL, NULL, NULL, 0);
INSERT INTO `tab_user` VALUES ('64656adfc7df4649ba69aa2ed955c464', '测试11', '13111000000', '', '', '', '', '2550602360867924874', '5ocHPLeALPhnacAua8WfWAiEiE', '5ocHPLeALPhnacAua8WfWAiEiE', 99, '{\"errcode\":0,\"unionid\":\"5ocHPLeALPhnacAua8WfWAiEiE\",\"openId\":\"5ocHPLeALPhnacAua8WfWAiEiE\",\"remark\":\"\",\"userid\":\"2550602360867924874\",\"isLeaderInDepts\":\"{84582118:false}\",\"isBoss\":false,\"isSenior\":false,\"tel\":\"\",\"department\":[84582118],\"workPlace\":\"\",\"email\":\"\",\"orderInDepts\":\"{84582118:176360166811713512}\",\"mobile\":\"13111000000\",\"errmsg\":\"ok\",\"active\":false,\"avatar\":\"\",\"isAdmin\":false,\"tags\":{},\"isHide\":false,\"jobnumber\":\"\",\"name\":\"测试11\",\"extattr\":{},\"stateCode\":\"86\",\"position\":\"\"}', '2019-07-03 10:11:00', NULL, '2019-07-09 10:04:20', NULL, NULL, NULL, 0);
INSERT INTO `tab_user` VALUES ('675e01017bff4626934d5b326ac5aef7', '测试8', '13180000000', '', '', '', '', '066713131527997582', 'LVRQqUr8AxZRhbOtqiiETewiEiE', 'LVRQqUr8AxZRhbOtqiiETewiEiE', 99, '{\"errcode\":0,\"unionid\":\"LVRQqUr8AxZRhbOtqiiETewiEiE\",\"openId\":\"LVRQqUr8AxZRhbOtqiiETewiEiE\",\"remark\":\"\",\"userid\":\"066713131527997582\",\"isLeaderInDepts\":\"{84454139:false}\",\"isBoss\":false,\"isSenior\":false,\"tel\":\"\",\"department\":[84454139],\"workPlace\":\"\",\"email\":\"\",\"orderInDepts\":\"{84454139:176360166860529512}\",\"mobile\":\"13180000000\",\"errmsg\":\"ok\",\"active\":false,\"avatar\":\"\",\"isAdmin\":false,\"tags\":{},\"isHide\":false,\"jobnumber\":\"\",\"name\":\"测试8\",\"extattr\":{},\"stateCode\":\"86\",\"position\":\"\"}', '2019-07-03 10:11:00', NULL, '2019-07-09 10:04:20', NULL, NULL, NULL, 0);
INSERT INTO `tab_user` VALUES ('70f997707e884d72b37a66d90b94a1f7', '孙志国', '15010288732', '', '', '', '', '030800075323255839', 'DerM4FhJ8mU0u4woljA64wiEiE', 'DerM4FhJ8mU0u4woljA64wiEiE', 99, '{\"errcode\":0,\"unionid\":\"DerM4FhJ8mU0u4woljA64wiEiE\",\"openId\":\"DerM4FhJ8mU0u4woljA64wiEiE\",\"remark\":\"\",\"userid\":\"030800075323255839\",\"isLeaderInDepts\":\"{1:false}\",\"isBoss\":false,\"isSenior\":false,\"tel\":\"\",\"department\":[1],\"workPlace\":\"\",\"email\":\"\",\"orderInDepts\":\"{1:176377710358318512}\",\"mobile\":\"15010288732\",\"errmsg\":\"ok\",\"active\":true,\"avatar\":\"\",\"isAdmin\":false,\"tags\":{},\"isHide\":false,\"jobnumber\":\"\",\"name\":\"孙志国\",\"extattr\":{},\"stateCode\":\"86\",\"position\":\"\"}', '2019-07-03 10:10:56', NULL, '2019-07-09 10:04:16', NULL, NULL, NULL, 0);
INSERT INTO `tab_user` VALUES ('8a4ff0922af24964baa455d62cb2ef36', '王宇超', '16619950143', '', '', 'https://static-legacy.dingtalk.com/media/lADPBbCc1g8MSLLNAoDNAn4_638_640.jpg', '', '021820620629188009', 'KVtCFsSfZ3g0u4woljA64wiEiE', 'KVtCFsSfZ3g0u4woljA64wiEiE', 99, '{\"errcode\":0,\"unionid\":\"KVtCFsSfZ3g0u4woljA64wiEiE\",\"openId\":\"KVtCFsSfZ3g0u4woljA64wiEiE\",\"remark\":\"1\",\"userid\":\"021820620629188009\",\"isLeaderInDepts\":\"{1:false}\",\"isBoss\":false,\"isSenior\":false,\"tel\":\"\",\"department\":[1],\"workPlace\":\"\",\"email\":\"\",\"orderInDepts\":\"{1:176388233522199512}\",\"mobile\":\"16619950143\",\"errmsg\":\"ok\",\"active\":true,\"avatar\":\"https://static-legacy.dingtalk.com/media/lADPBbCc1g8MSLLNAoDNAn4_638_640.jpg\",\"isAdmin\":false,\"isHide\":false,\"jobnumber\":\"\",\"name\":\"王宇超\",\"extattr\":{},\"stateCode\":\"86\",\"position\":\"\"}', '2019-07-03 10:10:58', NULL, '2019-07-09 10:04:18', NULL, NULL, NULL, 0);
INSERT INTO `tab_user` VALUES ('91ff8bd593404a5fbfea3a78e41c9013', '张安', '13611318661', '', '', '', '', '0434090965778345', 'L0biilSxFv6RRhbOtqiiETewiEiE', 'L0biilSxFv6RRhbOtqiiETewiEiE', 99, '{\"errcode\":0,\"unionid\":\"L0biilSxFv6RRhbOtqiiETewiEiE\",\"openId\":\"L0biilSxFv6RRhbOtqiiETewiEiE\",\"remark\":\"\",\"userid\":\"0434090965778345\",\"isLeaderInDepts\":\"{1:false}\",\"isBoss\":false,\"isSenior\":false,\"tel\":\"\",\"department\":[1],\"workPlace\":\"\",\"email\":\"\",\"orderInDepts\":\"{1:176377710358018512}\",\"mobile\":\"13611318661\",\"errmsg\":\"ok\",\"active\":true,\"avatar\":\"\",\"isAdmin\":false,\"tags\":{},\"isHide\":false,\"jobnumber\":\"\",\"name\":\"张安\",\"extattr\":{},\"stateCode\":\"86\",\"position\":\"\"}', '2019-07-03 10:10:56', NULL, '2019-07-09 10:04:16', NULL, NULL, NULL, 0);
INSERT INTO `tab_user` VALUES ('9f7a7d37caf446df81825c26c577db1d', '测试9', '13190000000', '', '', '', '', '056227615127997583', 'eiinllJoUYmMquoHz28TetAiEiE', 'eiinllJoUYmMquoHz28TetAiEiE', 99, '{\"errcode\":0,\"unionid\":\"eiinllJoUYmMquoHz28TetAiEiE\",\"openId\":\"eiinllJoUYmMquoHz28TetAiEiE\",\"remark\":\"\",\"userid\":\"056227615127997583\",\"isLeaderInDepts\":\"{84454139:false}\",\"isBoss\":false,\"isSenior\":false,\"tel\":\"\",\"department\":[84454139],\"workPlace\":\"\",\"email\":\"\",\"orderInDepts\":\"{84454139:176360166849812512}\",\"mobile\":\"13190000000\",\"errmsg\":\"ok\",\"active\":false,\"avatar\":\"\",\"isAdmin\":false,\"tags\":{},\"isHide\":false,\"jobnumber\":\"\",\"name\":\"测试9\",\"extattr\":{},\"stateCode\":\"86\",\"position\":\"\"}', '2019-07-03 10:11:00', NULL, '2019-07-09 10:04:20', NULL, NULL, NULL, 0);
INSERT INTO `tab_user` VALUES ('a38b75afec8342fb81e6f3eae597c501', '钉钉颖西', '18665869617', '', NULL, 'https://static-legacy.dingtalk.com/media/lADO1Ll1Dc0E2s0E2g_1242_1242.jpg', NULL, '014601313565', 'YEvRWiPqwrLY0u4woljA64wiEiE', 'YEvRWiPqwrLY0u4woljA64wiEiE', 99, '{\"errcode\":0,\"unionid\":\"YEvRWiPqwrLY0u4woljA64wiEiE\",\"openId\":\"YEvRWiPqwrLY0u4woljA64wiEiE\",\"remark\":\"\",\"userid\":\"014601313565\",\"isLeaderInDepts\":\"{84531129:false}\",\"isBoss\":false,\"isSenior\":false,\"tel\":\"\",\"department\":[84531129],\"workPlace\":\"\",\"orderInDepts\":\"{84531129:176355924026045512}\",\"mobile\":\"18665869617\",\"errmsg\":\"ok\",\"active\":true,\"avatar\":\"https://static-legacy.dingtalk.com/media/lADO1Ll1Dc0E2s0E2g_1242_1242.jpg\",\"isAdmin\":false,\"tags\":{},\"isHide\":false,\"name\":\"钉钉颖西\",\"stateCode\":\"86\"}', '2019-07-03 10:11:00', NULL, '2019-07-09 10:04:21', NULL, NULL, NULL, 0);
INSERT INTO `tab_user` VALUES ('ac08af0974034eea98b97d25d60dc4fd', '苏和', '15661226120', '', '', '', '', '16393811261059741', 'sAjegiPlH67wqgCiS5oC92UwiEiE', 'sAjegiPlH67wqgCiS5oC92UwiEiE', 99, '{\"errcode\":0,\"unionid\":\"sAjegiPlH67wqgCiS5oC92UwiEiE\",\"openId\":\"sAjegiPlH67wqgCiS5oC92UwiEiE\",\"remark\":\"1\",\"userid\":\"16393811261059741\",\"isLeaderInDepts\":\"{1:false}\",\"isBoss\":false,\"isSenior\":false,\"tel\":\"\",\"department\":[1],\"workPlace\":\"\",\"email\":\"\",\"orderInDepts\":\"{1:176377882734135512}\",\"mobile\":\"15661226120\",\"errmsg\":\"ok\",\"active\":true,\"avatar\":\"\",\"isAdmin\":false,\"tags\":{},\"isHide\":false,\"jobnumber\":\"\",\"name\":\"苏和\",\"extattr\":{},\"stateCode\":\"86\",\"position\":\"\"}', '2019-07-03 10:10:57', NULL, '2019-07-09 10:04:17', NULL, NULL, NULL, 0);
INSERT INTO `tab_user` VALUES ('ae74c737a9da41b39cacbf5a06b0fa2d', '测试6', '13160000000', '', '', '', '', '010245143627997580', 'hOBxKiitpYCg0u4woljA64wiEiE', 'hOBxKiitpYCg0u4woljA64wiEiE', 99, '{\"errcode\":0,\"unionid\":\"hOBxKiitpYCg0u4woljA64wiEiE\",\"openId\":\"hOBxKiitpYCg0u4woljA64wiEiE\",\"remark\":\"\",\"userid\":\"010245143627997580\",\"isLeaderInDepts\":\"{84555174:false}\",\"isBoss\":false,\"isSenior\":false,\"tel\":\"\",\"department\":[84555174],\"workPlace\":\"\",\"email\":\"\",\"orderInDepts\":\"{84555174:176360166901134512}\",\"mobile\":\"13160000000\",\"errmsg\":\"ok\",\"active\":false,\"avatar\":\"\",\"isAdmin\":false,\"tags\":{},\"isHide\":false,\"jobnumber\":\"\",\"name\":\"测试6\",\"extattr\":{},\"stateCode\":\"86\",\"position\":\"\"}', '2019-07-03 10:10:59', NULL, '2019-07-09 10:04:20', NULL, NULL, NULL, 0);
INSERT INTO `tab_user` VALUES ('c19c869c81b54657b6a5496c5b2e113e', '测试7', '13170000000', '', '', '', '', '066713134227997581', 'tsgnbK35EXcrctiSxIJZhbgiEiE', 'tsgnbK35EXcrctiSxIJZhbgiEiE', 99, '{\"errcode\":0,\"unionid\":\"tsgnbK35EXcrctiSxIJZhbgiEiE\",\"openId\":\"tsgnbK35EXcrctiSxIJZhbgiEiE\",\"remark\":\"\",\"userid\":\"066713134227997581\",\"isLeaderInDepts\":\"{84454139:false}\",\"isBoss\":false,\"isSenior\":false,\"tel\":\"\",\"department\":[84454139],\"workPlace\":\"\",\"email\":\"\",\"orderInDepts\":\"{84454139:176360166876232512}\",\"mobile\":\"13170000000\",\"errmsg\":\"ok\",\"active\":false,\"avatar\":\"\",\"isAdmin\":false,\"tags\":{},\"isHide\":false,\"jobnumber\":\"\",\"name\":\"测试7\",\"extattr\":{},\"stateCode\":\"86\",\"position\":\"\"}', '2019-07-03 10:11:00', NULL, '2019-07-09 10:04:20', NULL, NULL, NULL, 0);
INSERT INTO `tab_user` VALUES ('cfc96dcd95fd45baa5c1fbd383458cc3', '测试3', '13130000000', '', '', '', '', '5010495527997577', 'KojyzbRgYvQ0u4woljA64wiEiE', 'KojyzbRgYvQ0u4woljA64wiEiE', 99, '{\"errcode\":0,\"unionid\":\"KojyzbRgYvQ0u4woljA64wiEiE\",\"openId\":\"KojyzbRgYvQ0u4woljA64wiEiE\",\"remark\":\"\",\"userid\":\"5010495527997577\",\"isLeaderInDepts\":\"{83595056:false}\",\"isBoss\":false,\"isSenior\":false,\"tel\":\"\",\"department\":[83595056],\"workPlace\":\"\",\"email\":\"\",\"orderInDepts\":\"{83595056:176360166961029512}\",\"mobile\":\"13130000000\",\"errmsg\":\"ok\",\"active\":false,\"avatar\":\"\",\"isAdmin\":false,\"tags\":{},\"isHide\":false,\"jobnumber\":\"\",\"name\":\"测试3\",\"extattr\":{},\"stateCode\":\"86\",\"position\":\"\"}', '2019-07-03 10:10:59', NULL, '2019-07-09 10:04:19', NULL, NULL, NULL, 0);
INSERT INTO `tab_user` VALUES ('d1fd68f0f565489eba40ac4a8ec3d4dc', '李扬扬', '18610110286', '', '', 'https://static-legacy.dingtalk.com/media/lADPDgQ9qpSsGAfNAvTNAns_635_756.jpg', '', '3522525726220878', '1q2gBVGUfGM0u4woljA64wiEiE', '1q2gBVGUfGM0u4woljA64wiEiE', 2, '{\"errcode\":0,\"unionid\":\"1q2gBVGUfGM0u4woljA64wiEiE\",\"openId\":\"1q2gBVGUfGM0u4woljA64wiEiE\",\"roles\":[{\"id\":304176188,\"name\":\"子管理员\",\"groupName\":\"默认\",\"type\":102}],\"remark\":\"1\",\"userid\":\"3522525726220878\",\"isLeaderInDepts\":\"{1:false}\",\"isBoss\":false,\"isSenior\":false,\"tel\":\"\",\"department\":[1],\"workPlace\":\"\",\"email\":\"\",\"orderInDepts\":\"{1:176377882732166512}\",\"mobile\":\"18610110286\",\"errmsg\":\"ok\",\"active\":true,\"avatar\":\"https://static-legacy.dingtalk.com/media/lADPDgQ9qpSsGAfNAvTNAns_635_756.jpg\",\"isAdmin\":true,\"tags\":{},\"isHide\":false,\"jobnumber\":\"\",\"name\":\"李扬扬\",\"extattr\":{},\"stateCode\":\"86\",\"position\":\"\"}', '2019-07-03 10:10:58', NULL, '2019-07-09 10:04:18', NULL, NULL, NULL, 0);
INSERT INTO `tab_user` VALUES ('d664ed2baf414ec785dffd0ebbc77e2a', '测试5', '13150000000', '', '', '', '', '066715110927997579', 'kiSMkCGz4aBKdiifGOIHW0pwiEiE', 'kiSMkCGz4aBKdiifGOIHW0pwiEiE', 99, '{\"errcode\":0,\"unionid\":\"kiSMkCGz4aBKdiifGOIHW0pwiEiE\",\"openId\":\"kiSMkCGz4aBKdiifGOIHW0pwiEiE\",\"remark\":\"\",\"userid\":\"066715110927997579\",\"isLeaderInDepts\":\"{93541299:false}\",\"isBoss\":false,\"isSenior\":false,\"tel\":\"\",\"department\":[93541299],\"workPlace\":\"\",\"email\":\"\",\"orderInDepts\":\"{93541299:176360166917382512}\",\"mobile\":\"13150000000\",\"errmsg\":\"ok\",\"active\":true,\"avatar\":\"\",\"isAdmin\":false,\"tags\":{},\"isHide\":false,\"jobnumber\":\"\",\"name\":\"测试5\",\"extattr\":{},\"stateCode\":\"86\",\"position\":\"\"}', '2019-07-03 10:11:01', NULL, '2019-07-09 10:04:22', NULL, NULL, NULL, 0);
INSERT INTO `tab_user` VALUES ('d8bdfb8204fc4499bf379026f6865999', '张志豪', '15269219490', '', 'zhangzhihao@seglino.com', 'https://static-legacy.dingtalk.com/media/lADPBbCc1WibZqHNAlHNAhs_539_593.jpg', '开发', '121020462724198803', '0IXfsfu8w5yrDUzpzLk2iPgiEiE', '0IXfsfu8w5yrDUzpzLk2iPgiEiE', 1, '{\"errcode\":0,\"unionid\":\"0IXfsfu8w5yrDUzpzLk2iPgiEiE\",\"openId\":\"0IXfsfu8w5yrDUzpzLk2iPgiEiE\",\"roles\":[{\"id\":304176187,\"name\":\"主管理员\",\"groupName\":\"默认\",\"type\":101}],\"remark\":\"1\",\"userid\":\"121020462724198803\",\"isLeaderInDepts\":\"{1:false}\",\"isBoss\":false,\"hiredDate\":1493654400000,\"isSenior\":false,\"tel\":\"\",\"department\":[1],\"workPlace\":\"北京市东城区中关村雍和燕都信息服务产业园\",\"email\":\"zhangzhihao@seglino.com\",\"orderInDepts\":\"{1:176377879526751512}\",\"mobile\":\"15269219490\",\"errmsg\":\"ok\",\"active\":true,\"avatar\":\"https://static-legacy.dingtalk.com/media/lADPBbCc1WibZqHNAlHNAhs_539_593.jpg\",\"isAdmin\":true,\"tags\":{},\"isHide\":false,\"jobnumber\":\"100001\",\"name\":\"张志豪\",\"extattr\":{\"员工类型\":\"全职\"},\"stateCode\":\"86\",\"position\":\"开发\"}', '2019-07-03 10:10:57', NULL, '2019-07-09 10:04:22', NULL, NULL, NULL, 0);
INSERT INTO `tab_user` VALUES ('e04f9bbe7b8f4e71bab369d96cefaf39', '贺天川', '15001292801', '', '', '', '', '054639383635475598', 'ajptiiRVmCAcqgCiS5oC92UwiEiE', 'ajptiiRVmCAcqgCiS5oC92UwiEiE', 99, '{\"errcode\":0,\"unionid\":\"ajptiiRVmCAcqgCiS5oC92UwiEiE\",\"openId\":\"ajptiiRVmCAcqgCiS5oC92UwiEiE\",\"remark\":\"1\",\"userid\":\"054639383635475598\",\"isLeaderInDepts\":\"{1:false}\",\"isBoss\":false,\"isSenior\":false,\"tel\":\"\",\"department\":[1],\"workPlace\":\"\",\"email\":\"\",\"orderInDepts\":\"{1:176377879527835512}\",\"mobile\":\"15001292801\",\"errmsg\":\"ok\",\"active\":true,\"avatar\":\"\",\"isAdmin\":false,\"tags\":{},\"isHide\":false,\"jobnumber\":\"\",\"name\":\"贺天川\",\"extattr\":{},\"stateCode\":\"86\",\"position\":\"\"}', '2019-07-03 10:10:57', NULL, '2019-07-09 10:04:18', NULL, NULL, NULL, 0);
INSERT INTO `tab_user` VALUES ('e68f29952b8440e8af864bfff6259d71', '刘延祥', '17600595777', '', '', 'https://static-legacy.dingtalk.com/media/lADPDgQ9qz5XBKnNAZDNAZA_400_400.jpg', '', '115211605820981063', 'zHuzptWF7jQqbV7SWziSb3AiEiE', 'zHuzptWF7jQqbV7SWziSb3AiEiE', 99, '{\"errcode\":0,\"unionid\":\"zHuzptWF7jQqbV7SWziSb3AiEiE\",\"openId\":\"zHuzptWF7jQqbV7SWziSb3AiEiE\",\"remark\":\"2\",\"userid\":\"115211605820981063\",\"isLeaderInDepts\":\"{1:false}\",\"isBoss\":false,\"isSenior\":false,\"tel\":\"\",\"department\":[1],\"workPlace\":\"\",\"email\":\"\",\"orderInDepts\":\"{1:176377879526512512}\",\"mobile\":\"17600595777\",\"errmsg\":\"ok\",\"active\":true,\"avatar\":\"https://static-legacy.dingtalk.com/media/lADPDgQ9qz5XBKnNAZDNAZA_400_400.jpg\",\"isAdmin\":false,\"tags\":{},\"isHide\":false,\"jobnumber\":\"\",\"name\":\"刘延祥\",\"extattr\":{},\"stateCode\":\"86\",\"position\":\"\"}', '2019-07-03 10:10:58', NULL, '2019-07-09 10:04:19', NULL, NULL, NULL, 0);
INSERT INTO `tab_user` VALUES ('f14eb62eb8e04cb19607de0ab67d51df', '任志雄', '13901365811', '', NULL, 'https://static-legacy.dingtalk.com/media/lADPBbCc1bWZQXPNAf3NAf0_509_509.jpg', NULL, '014915286920229640', 'T7byDB2TnbA0u4woljA64wiEiE', 'T7byDB2TnbA0u4woljA64wiEiE', 99, '{\"errcode\":0,\"unionid\":\"T7byDB2TnbA0u4woljA64wiEiE\",\"openId\":\"T7byDB2TnbA0u4woljA64wiEiE\",\"remark\":\"\",\"userid\":\"014915286920229640\",\"isLeaderInDepts\":\"{1:false}\",\"isBoss\":false,\"isSenior\":false,\"tel\":\"\",\"department\":[1],\"workPlace\":\"\",\"orderInDepts\":\"{1:176360167187949512}\",\"mobile\":\"13901365811\",\"errmsg\":\"ok\",\"active\":true,\"avatar\":\"https://static-legacy.dingtalk.com/media/lADPBbCc1bWZQXPNAf3NAf0_509_509.jpg\",\"isAdmin\":false,\"tags\":{},\"isHide\":false,\"name\":\"任志雄\",\"stateCode\":\"86\"}', '2019-07-03 10:10:57', NULL, '2019-07-09 10:04:18', NULL, NULL, NULL, 0);
INSERT INTO `tab_user` VALUES ('f8621d1147a042319643f9351dad9bbe', '张志豪', '15313788682', '', '', '', '', 'zhangzhihao', 'Ps6rP7kwq6SrDUzpzLk2iPgiEiE', 'Ps6rP7kwq6SrDUzpzLk2iPgiEiE', 2, '{\"errcode\":0,\"unionid\":\"Ps6rP7kwq6SrDUzpzLk2iPgiEiE\",\"openId\":\"Ps6rP7kwq6SrDUzpzLk2iPgiEiE\",\"roles\":[{\"id\":304176188,\"name\":\"子管理员\",\"groupName\":\"默认\",\"type\":102},{\"id\":304176190,\"name\":\"主管\",\"groupName\":\"默认\",\"type\":104}],\"remark\":\"\",\"userid\":\"zhangzhihao\",\"isLeaderInDepts\":\"{83661050:true}\",\"isBoss\":false,\"isSenior\":false,\"tel\":\"\",\"department\":[83661050],\"workPlace\":\"\",\"email\":\"\",\"orderInDepts\":\"{83661050:180013191951825460}\",\"mobile\":\"15313788682\",\"errmsg\":\"ok\",\"active\":true,\"avatar\":\"\",\"isAdmin\":true,\"tags\":{},\"isHide\":false,\"jobnumber\":\"\",\"name\":\"张志豪\",\"extattr\":{},\"stateCode\":\"86\",\"position\":\"\"}', '2019-07-03 10:10:56', NULL, '2019-07-09 10:04:19', NULL, NULL, NULL, 0);
INSERT INTO `tab_user` VALUES ('f8aafe56a9cb4936a3084d977181e67b', '文娟', '15652447206', NULL, NULL, 'https://static-legacy.dingtalk.com/media/lADPDgQ9qYy3rvbNAYDNAYA_384_384.jpg', NULL, '0169050509828792', 'z8X2ukrDc1k0u4woljA64wiEiE', 'z8X2ukrDc1k0u4woljA64wiEiE', 99, '{\"errcode\":0,\"unionid\":\"z8X2ukrDc1k0u4woljA64wiEiE\",\"openId\":\"z8X2ukrDc1k0u4woljA64wiEiE\",\"userid\":\"0169050509828792\",\"isLeaderInDepts\":\"{1:false}\",\"isBoss\":false,\"isSenior\":false,\"department\":[1],\"orderInDepts\":\"{1:176361378716047512}\",\"mobile\":\"15652447206\",\"errmsg\":\"ok\",\"active\":true,\"avatar\":\"https://static-legacy.dingtalk.com/media/lADPDgQ9qYy3rvbNAYDNAYA_384_384.jpg\",\"isAdmin\":false,\"tags\":{},\"isHide\":false,\"name\":\"文娟\",\"extattr\":{},\"stateCode\":\"86\"}', '2019-07-03 10:10:56', NULL, '2019-07-09 10:04:16', NULL, NULL, NULL, 0);
INSERT INTO `tab_user` VALUES ('faf996c457c441a484fdc222cfdd1ff8', '毕明东', '13601197304', '', '', 'https://static-legacy.dingtalk.com/media/lADPDgQ9qYg4tgTNAg3NAyA_800_525.jpg', '', '051347521227358307', 'tvbkdtvbHBorctiSxIJZhbgiEiE', 'tvbkdtvbHBorctiSxIJZhbgiEiE', 99, '{\"errcode\":0,\"unionid\":\"tvbkdtvbHBorctiSxIJZhbgiEiE\",\"openId\":\"tvbkdtvbHBorctiSxIJZhbgiEiE\",\"remark\":\"1\",\"userid\":\"051347521227358307\",\"isLeaderInDepts\":\"{1:false}\",\"isBoss\":false,\"isSenior\":false,\"tel\":\"\",\"department\":[1],\"workPlace\":\"\",\"email\":\"\",\"orderInDepts\":\"{1:176388651402721512}\",\"mobile\":\"13601197304\",\"errmsg\":\"ok\",\"active\":true,\"avatar\":\"https://static-legacy.dingtalk.com/media/lADPDgQ9qYg4tgTNAg3NAyA_800_525.jpg\",\"isAdmin\":false,\"isHide\":false,\"jobnumber\":\"\",\"name\":\"毕明东\",\"extattr\":{},\"stateCode\":\"86\",\"position\":\"\"}', '2019-07-03 10:10:58', NULL, '2019-07-09 10:04:18', NULL, NULL, NULL, 0);

SET FOREIGN_KEY_CHECKS = 1;
